symbol,date,gap_percent,bar_count,reason,pattern_strength,pattern_count,patterns_detected,step_up_detected,step_up_count,step_up_retention,step_up_total_advance,step_up_strength,parabolic_detected,parabolic_angle,parabolic_accel,parabolic_vol_mult,parabolic_strength,breakout_detected,breakout_level,breakout_range_size,breakout_vol_ratio,breakout_strength,volume_trend,volume_avg,volume_recent,volume_high_correlation,volume_strength,sr_current_price,sr_support_levels,sr_resistance_levels,sr_strength
ARBB,2024-01-03,-11.739130434782611,199,"pattern_invalid:low_score(-2.2),step_ups(0),angle(0.1°),breakout_vol(0.0x)",-2.196894005212859,0,,False,0,0.0,0.0,0.0,False,0.1370709813546574,-0.0002930835849356416,0.05342599630795961,0,False,2.235,0.18500000000000005,0.0413582934262081,0,decreasing,323.3666666666667,55.8,-89.29192006950478,-44.64596003475239,2.14,1,1,30
PRFX,2024-01-03,-16.38795986622074,130,"pattern_invalid:low_score(7.5),retention(22.2%),angle(-0.0°),breakout_vol(0.4x)",7.5,0,,False,2,22.22222222222266,0.0900000000000003,31.111111111111327,False,-0.04493785707029407,-0.0009295139440648351,0.18561928512053202,0,False,2.77,0.2698999999999998,0.35808518658122884,0,decreasing,475.43333333333334,173.4,100.0,50.0,2.53,1,1,0
DDC,2024-01-03,24.724061810154527,113,"pattern_invalid:low_score(-2.0),retention(0.0%),angle(0.0°),breakout_vol(0.2x)",-2.007159708668107,0,,False,2,0.0,0.009999999999999787,20.0,False,0.012455604045762217,0.000877016129032264,0.7898907689012636,0,False,4.63,0.11000000000000032,0.19124259145718372,0,increasing,1671.4,2403.2,-99.94216310005784,-43.38106472445405,4.61,1,0,30
DDC,2024-01-09,-13.24675324675325,161,"pattern_invalid:low_score(-5.2),step_ups(1),angle(0.1°),breakout_vol(0.1x)",-5.226643218289734,0,,False,1,91.66666666666649,0.1200000000000001,55.83333333333324,False,0.1416651002216749,0.00012533966311775014,1.2709961749542658,0,False,3.74,0.3250000000000002,0.08550781080964126,0,stable,910.3666666666667,1175.0,-99.68857624386312,-34.84428812193156,3.73,0,1,0
DDC,2024-01-10,11.501597444089468,160,"pattern_invalid:low_score(-3.0),step_ups(1),angle(0.0°),breakout_vol(0.4x)",-2.9714146777415618,0,,False,1,0.0,0.0,10.0,False,0.0,0.0005722831916415173,0.666330910046422,0,False,3.25,0.18999999999999995,0.4214729370008873,0,decreasing,1268.3,1290.4,-99.6188623698875,-49.80943118494375,3.13,1,1,30
FLUX,2024-01-03,-16.898608349900606,201,"pattern_invalid:low_score(-0.2),retention(47.8%),angle(-0.1°)",-0.214027122579677,0,,False,3,47.8378378378376,0.3699999999999992,53.9189189189188,False,-0.10821322093933038,-0.002114791732877799,3.5534804753820035,0,False,5.3,0.5199999999999996,57.46780303030303,0,increasing,357.6,1665.6,-83.6873774143147,-1.4268474838645133,5.1999,0,2,0
HYMC,2024-01-03,14.800000000000004,253,"pattern_invalid:low_score(10.8),step_ups(1),angle(-0.1°),breakout_vol(0.5x)",10.766707035120554,0,,False,1,0.0,0.029999999999999805,10.0,False,-0.14584348740768974,-3.555537899253314e-05,0.7236842105263158,0,False,2.82,0.20999999999999996,0.45454545454545453,0,increasing,21.833333333333332,28.4,64.84641638225257,41.7780469008037,2.68,1,1,30
MKTW,2024-01-03,-11.313868613138688,197,"pattern_invalid:low_score(2.9),retention(0.0%),angle(-0.0°),breakout_vol(0.1x)",2.9474870381615204,0,,False,2,0.0,0.0,20.0,False,-0.021220658108610888,-0.000641537223899575,0.9233253864492809,0,False,2.76,0.09999999999999964,0.11168586879849518,0,stable,833.6333333333333,786.2,9.299827175486941,19.64991358774347,2.69,1,1,0
HUMA,2024-01-04,-10.104529616724738,246,"pattern_invalid:low_score(-7.3),retention(0.0%),angle(-0.1°),breakout_vol(0.3x)",-7.3498490485484265,0,,False,2,0.0,0.03000000000000025,20.0,False,-0.09514050584334303,-0.00019984506594629577,0.5252248910321803,0,False,2.72,0.06000000000000005,0.33788353162179086,0,decreasing,1096.4333333333334,793.4,-97.99798731397902,-48.99899365698951,2.665,1,1,0
EKSO,2024-01-04,21.072796934865913,123,"pattern_invalid:low_score(-5.8),step_ups(1),angle(-0.1°)",-5.781371313316854,0,,False,1,0.0,0.05400000000000027,10.0,False,-0.0859436048119591,0.0007134996225965362,1.2068199180498644,0,False,2.724,0.10899999999999999,2.027297381407549,0,increasing,1059.2,2010.8,-99.91187763580285,-38.54247542211236,2.6201,2,2,0
EKSO,2024-01-11,15.384615384615378,332,"pattern_invalid:low_score(-0.0),retention(0.0%),angle(-1.4°)",-0.037696905344274965,0,,False,2,0.0,0.06000000000000005,20.0,False,-1.3758350036636442,-0.0010816085332909576,4.7038089823763505,0,False,2.33,0.75,2.488831936213003,0,increasing,2341.0333333333333,10997.6,-89.0160935311437,-0.25131270229516645,1.74,0,0,0
ACON,2024-01-04,1220.2042304886945,416,"pattern_invalid:low_score(4.9),retention(0.0%),angle(-0.1°),breakout_vol(0.3x)",4.888776886813903,0,,False,2,0.0,0.9300000000000006,20.0,False,-0.0753891400627433,-0.001956152669632926,0.4117465910754583,0,False,5.4,1.4300000000000002,0.33491210565753465,0,decreasing,9321.433333333332,3520.2,65.18369182418537,32.59184591209269,4.5,0,0,0
DERM,2024-01-05,10.438413361169102,252,"pattern_invalid:low_score(-3.7),retention(0.0%),angle(-0.5°),breakout_vol(0.6x)",-3.6606305633338176,0,,False,3,0.0,0.0,30.0,False,-0.5260646469759748,-0.000272649173685044,3.916768665850673,0,False,5.58,0.6500000000000004,0.6049046321525886,0,increasing,803.4,2766.8,-97.43952115720343,-24.404203755558786,4.995,1,0,0
PSFE,2024-01-05,-10.641754670999191,267,"pattern_invalid:low_score(10.4),retention(32.2%),angle(-0.0°),breakout_vol(0.9x)",10.423760911911117,0,,False,4,32.21428571428557,0.27999999999999936,56.10714285714279,False,-0.040958056217694744,-0.0016529809907833842,0.16922807478436008,0,False,12.59,0.23000000000000043,0.9324460816350781,0,decreasing,890.1333333333333,411.0,38.98347882548157,19.491739412740785,12.5,1,2,50
WSBF,2024-01-05,14.41666666666667,104,"pattern_invalid:low_score(12.2),retention(7.4%),angle(0.0°),breakout_vol(0.3x)",12.15954412445688,0,,False,4,7.3913043478250655,0.23000000000000043,43.695652173912535,False,0.004104282193057314,-0.0004776368584141483,0.28046989720998533,0,False,13.98,0.13000000000000078,0.32054794520547947,0,stable,436.0,312.4,-27.872745007241594,1.063627496379203,13.97,2,2,80
HTLD,2024-01-05,17.541082532380635,194,"pattern_invalid:low_score(17.2),step_ups(1),angle(0.0°),breakout_vol(0.5x)",17.25,0,,False,1,145.45454545454473,0.10999999999999943,82.72727272727236,False,0.0,-0.00030803670745273515,0.14054478037649742,0,False,13.59,0.0600000000000005,0.4518759403970295,0,stable,1599.5,942.6,100.0,65.0,13.55,2,1,50
PODC,2024-01-08,23.456790123456784,188,"pattern_invalid:low_score(-1.6),step_ups(1),angle(-0.3°),breakout_vol(0.4x)",-1.5717538466569647,0,,False,1,50.0,0.06000000000000005,35.0,False,-0.303550958647744,0.0014446110757985046,0.042731404770229395,0,False,1.78,0.3500000000000001,0.4294498919727439,0,decreasing,2286.4666666666667,217.8,-20.956717955426196,-10.478358977713098,1.43,1,0,0
DAWN,2024-01-08,10.734072022160671,281,"pattern_invalid:low_score(2.3),retention(0.0%),angle(-0.0°),breakout_vol(0.3x)",2.259594177326864,0,,False,2,0.0,0.009999999999999787,20.0,False,-0.004291223422914344,0.0018813756356269075,0.3155573608773864,0,False,14.51,0.2530999999999999,0.25922792173453196,0,stable,755.7,589.0,-99.87207763564182,-34.93603881782091,14.4092,1,1,50
APYX,2024-01-08,-10.156250000000009,139,"pattern_invalid:low_score(-2.1),step_ups(1),angle(-0.1°),breakout_vol(0.1x)",-2.149025644876656,0,,False,1,0.0,0.05620000000000003,10.0,False,-0.11818736082337865,-7.467076513587117e-05,0.1698065912029341,0,False,2.4862,0.15620000000000012,0.0718679699786984,0,decreasing,2955.633333333333,1155.6,-28.653675265022084,-14.326837632511042,2.3407,0,0,0
NESR,2024-01-08,47.652173913043484,42,"pattern_invalid:low_score(-5.7),step_ups(0),angle(-0.1°),breakout_vol(0.6x)",-5.717771730732092,0,,False,0,0.0,0.0,0.0,False,-0.08281907170820554,0.0009824408072461675,0.14345539993485645,0,False,8.15,0.6500000000000004,0.5816170467220938,0,increasing,3276.5333333333333,1583.2,-92.57585802437656,-38.11847820488061,7.5,1,0,0
STTK,2024-01-09,10.937500000000009,468,"pattern_invalid:low_score(19.5),step_ups(0),angle(0.1°),breakout_vol(0.3x)",19.5,0,,False,0,0.0,0.0,0.0,False,0.10012844479085883,-0.00023617511520739477,0.26929982046678635,0,False,10.49,0.23000000000000043,0.32884615384615384,0,decreasing,47.13333333333333,8.4,100.0,50.0,10.48,1,1,80
STIM,2024-01-09,24.11347517730497,235,"pattern_invalid:low_score(-5.2),step_ups(0),angle(-0.1°)",-5.232886143677708,0,,False,0,0.0,0.0,0.0,False,-0.14333966865105263,0.0009149963252820597,6.287844036697247,0,False,2.92,0.33999999999999986,1.9123433067984261,0,stable,423.6666666666667,691.8,-99.77181524903611,-34.885907624518055,2.7787,0,1,0
STIM,2024-01-10,22.377622377622384,299,"pattern_invalid:low_score(-3.7),step_ups(0),angle(0.1°)",-3.696733920360859,0,,False,0,0.0,0.0,0.0,False,0.06010044597791645,0.0012673555935166052,4.453343130051433,0,False,3.0,0.31999999999999984,2.9189695550351287,0,increasing,494.8,1631.8,-99.81134617976014,-24.644892802405728,2.89,0,2,0
HTZ,2024-01-09,14.479166666666673,441,"pattern_invalid:low_score(11.4),angle(-0.1°),breakout_vol(1.4x)",11.397683234402336,1,step_up,True,3,88.72036262203622,1.7207999999999988,74.36018131101811,False,-0.05321215175582284,0.0006279531821070937,1.104637336504162,0,False,10.99,1.5600000000000005,1.35873388042204,0,decreasing,118.0,70.6,-95.8981612446959,-47.94908062234795,9.43,0,1,0
CMPX,2024-01-09,16.04278074866309,337,"pattern_invalid:low_score(-0.7),step_ups(1),angle(0.1°),breakout_vol(1.1x)",-0.7258762200532383,0,,False,1,0.0,0.040000000000000036,10.0,False,0.11402130124804286,0.0003067396313364051,0.475294502617801,0,False,2.09,0.19999999999999996,1.0635700461515558,0,stable,300.56666666666666,446.6,-99.67834960070985,-34.839174800354925,2.05,1,2,30
CMPX,2024-01-12,19.77401129943503,219,"pattern_invalid:low_score(-1.0),step_ups(0),angle(0.3°)",-0.9833926621124585,0,,False,0,0.0,0.0,0.0,False,0.2589622118191311,0.0005074601740028577,3.1198265668111946,0,False,1.91,0.14969999999999994,2.269335363863809,0,increasing,348.4,899.0,-99.72251459190508,-36.55595108074972,1.85,1,1,30
CLDT,2024-01-09,13.417190775681354,170,"pattern_invalid:low_score(7.5),step_ups(0),angle(0.0°),breakout_vol(1.2x)",7.5,0,,False,0,0.0,0.0,0.0,False,0.010729546599872969,0.00028259077546481843,0.3517711687819663,0,False,10.71,0.07500000000000107,1.197933424081178,0,decreasing,951.4666666666667,320.2,100.0,50.0,10.7,2,2,0
ABSI,2024-01-10,19.55990220048899,468,"pattern_invalid:low_score(8.3),step_ups(0),angle(-0.0°),breakout_vol(0.1x)",8.272552651437195,0,,False,0,0.0,0.0,0.0,False,-0.026899425025102668,0.0013772246941045536,0.25176470588235295,0,False,4.27,0.13999999999999968,0.10138740661686232,0,increasing,35.46666666666667,30.4,34.021632251720746,25.1503510095813,4.24,1,1,30
XRTX,2024-01-10,34.69387755102039,142,"pattern_invalid:low_score(-6.8),step_ups(1),angle(-0.1°),breakout_vol(0.3x)",-6.817319848293299,0,,False,1,0.0,0.0,10.0,False,-0.08488257421597971,0.0014050333704115655,0.43254146122814885,0,False,2.72,0.27,0.287381158167675,0,decreasing,106.53333333333333,55.0,-90.89759797724399,-45.448798988621995,2.66,0,1,0
UK,2024-01-10,15.714285714285708,317,"pattern_invalid:low_score(21.2),angle(-0.1°),breakout_vol(0.1x)",21.237864077669904,1,step_up,True,2,69.90291262135922,1.0299999999999998,54.95145631067961,False,-0.13683846703909186,0.0012713401795645862,6.925002498251224,0,False,4.88,1.1799999999999997,0.0892999878503418,0,decreasing,5287.033333333334,5925.8,100.0,50.0,4.4999,0,2,0
NVNI,2024-01-10,17.587939698492455,773,"pattern_invalid:low_score(11.9),angle(-0.6°),breakout_vol(0.4x)",11.905958509840714,1,step_up,True,2,65.16853932584272,1.7800000000000002,52.58426966292136,False,-0.6326884123554518,-0.0052927359764818075,0.6421658013499811,0,False,4.07,1.3200000000000003,0.35102847775145946,0,decreasing,25155.9,23223.4,-16.534785411861673,-8.267392705930837,2.9,0,1,0
DRIO,2024-01-10,24.22680412371135,197,"pattern_invalid:low_score(-7.5),step_ups(1),angle(-0.1°),breakout_vol(0.1x)",-7.498151579018934,0,,False,1,64.28571428571429,0.14000000000000012,42.142857142857146,False,-0.05354744189872914,0.0011258620689655178,5.609504016177049,0,False,2.14,0.19000000000000017,0.07686402373805334,0,decreasing,3922.3,3174.2,-99.97535438691912,-49.98767719345956,2.12,0,1,0
MGRM,2024-01-10,13.813813813813812,103,"pattern_invalid:low_score(-7.5),retention(0.0%),angle(-0.1°),breakout_vol(0.8x)",-7.450011491611123,0,,False,2,0.0,0.0400999999999998,20.0,False,-0.07701040995998308,0.00018167755839821971,1.7952820273268715,0,False,3.745,0.16270000000000007,0.8367076155834648,0,decreasing,1595.7333333333333,465.0,-99.33348655481498,-49.66674327740749,3.67,0,1,0
MGNX,2024-01-10,16.575790621592144,311,"pattern_invalid:low_score(-5.2),step_ups(1),angle(-0.1°)",-5.220673893697922,0,,False,1,0.0,0.08000000000000007,10.0,False,-0.05906779300502851,0.00020219638884474847,0.4920545520376554,0,False,10.46,0.370000000000001,1.576287102437431,0,stable,1236.2666666666667,1266.2,-99.60898524930562,-34.80449262465281,10.08,1,2,0
OM,2024-01-10,-10.106382978723394,338,"pattern_invalid:low_score(9.8),step_ups(0),angle(-0.1°),breakout_vol(1.1x)",9.75,0,,False,0,0.0,0.0,0.0,False,-0.050406831141662785,0.00010882726839345325,0.4738081451457248,0,False,5.14,0.08000000000000007,1.1122345803842264,0,stable,1272.6333333333334,958.2,100.0,65.0,5.07,1,1,0
IOVA,2024-01-11,10.149572649572661,481,"pattern_invalid:low_score(12.9),angle(-0.1°),breakout_vol(0.0x)",12.909715274111514,1,step_up,True,2,88.23529411764689,0.8499999999999996,64.11764705882345,False,-0.09690608859140853,-0.0011441790481487612,1.9537459283387622,0,False,10.31,1.290000000000001,0.022312874714135608,0,increasing,604.5333333333333,2135.6,-99.15034482758621,-20.797976603962326,9.3,2,1,0
BTCS,2024-01-11,10.576923076923064,301,"pattern_invalid:low_score(-2.9),step_ups(1),angle(-0.3°),breakout_vol(0.9x)",-2.8821656050955413,0,,False,1,0.0,0.029999999999999805,10.0,False,-0.26162274569479405,0.00039413832830128767,0.39825581395348836,0,False,2.28,0.19999999999999973,0.8723599632690542,0,decreasing,80.16666666666667,36.8,-38.42887473460722,-19.21443736730361,2.09,0,2,0
PLX,2024-01-11,20.58823529411764,153,"pattern_invalid:low_score(-1.4),retention(0.0%),angle(-0.0°),breakout_vol(0.1x)",-1.4327590707829583,0,,False,2,0.0,0.010000000000000009,20.0,False,-0.033311495963585284,0.0003592006991895731,2.3406022845275185,0,False,1.89,0.24,0.06451612903225806,0,increasing,107.23333333333333,404.6,-90.38642789820923,-9.551727138553055,1.71,1,2,0
MLEC,2024-01-11,-14.693877551020421,839,"pattern_invalid:low_score(1.3),step_ups(1),angle(-0.1°),breakout_vol(0.6x)",1.2981419345710332,0,,False,1,0.0,0.0,10.0,False,-0.08714180279050322,2.4779516923565504e-05,0.24862929531694614,0,False,2.68,0.26000000000000023,0.5834502015186547,0,stable,10194.933333333332,6815.0,-72.69144087238622,-21.345720436193112,2.59,1,1,30
CERS,2024-01-11,13.861386138613852,371,"pattern_invalid:low_score(-6.9),step_ups(0),angle(-0.1°),breakout_vol(0.5x)",-6.8621423761214775,0,,False,0,0.0,0.0,0.0,False,-0.0705612691466202,0.00045131991895756737,1.5199497844004148,0,False,2.03,0.04999999999999982,0.4987157534246575,0,decreasing,1538.9333333333334,1774.0,-91.4952316816197,-45.74761584080985,2.005,1,0,0
GCI,2024-01-11,13.043478260869579,300,"pattern_invalid:low_score(-5.5),retention(0.0%),angle(0.0°),breakout_vol(1.0x)",-5.489098646905289,0,,False,2,0.0,0.0023999999999997357,20.0,False,0.012295231466436456,0.00037026805577625535,1.2789558568783228,0,False,2.355,0.040000000000000036,1.034682277662435,0,increasing,1271.7333333333333,2661.0,-99.92398626510446,-36.59399097936859,2.335,1,1,0
CFFN,2024-01-11,10.35714285714286,379,"pattern_invalid:low_score(-5.6),step_ups(1),angle(-0.0°),breakout_vol(0.2x)",-5.641808518883326,0,,False,1,5.9999999999979865,0.02999999999999936,12.999999999998993,False,-0.03290159249441072,-0.00013439138725568968,1.0759153175591532,0,False,6.14,0.07499999999999929,0.17442495392805954,0,increasing,1389.1333333333334,2543.6,-99.93041057759221,-37.61205679255551,6.06,2,2,0
HLLY,2024-01-11,10.135135135135117,246,"pattern_invalid:low_score(-5.2),step_ups(1),angle(-0.1°),breakout_vol(0.8x)",-5.180761622156281,0,,False,1,40.00000000000213,0.025000000000000355,30.000000000001066,False,-0.08149284807424483,0.0002796281582710889,0.49602140694317304,0,False,4.61,0.11000000000000032,0.7554821664464993,0,stable,708.1666666666666,654.2,-99.07682162875041,-34.538410814375204,4.505,2,1,0
TLS,2024-01-11,17.21421664583382,281,"pattern_invalid:low_score(-0.2),retention(0.0%),angle(0.1°),breakout_vol(0.1x)",-0.1845141371465715,0,,False,2,0.0,0.04999999999999982,20.0,False,0.08013390511138113,0.00023541732877799834,0.46006474452416557,0,False,4.42,0.1379999999999999,0.09419421536148116,0,stable,2570.8333333333335,1683.4,-92.46018849528762,-31.230094247643812,4.35,1,1,30
ADTX,2024-01-12,13.321167883211668,210,"pattern_invalid:low_score(11.3),step_ups(0),angle(-0.1°),breakout_vol(0.3x)",11.30634390651085,0,,False,0,0.0,0.0,0.0,False,-0.0524686478910393,0.00071046202129351,1.3755036261079774,0,False,6.23,0.9200000000000008,0.2553763440860215,0,increasing,98.26666666666667,241.4,100.0,75.37562604340567,5.41,0,1,0
CECO,2024-01-12,-16.09014675052409,138,"pattern_invalid:low_score(-5.2),step_ups(1),angle(-0.0°)",-5.154590958855425,0,,False,1,0.0,0.0400000000000027,10.0,False,-0.03280861560431595,-0.0029711832591768858,0.49935746412508036,0,False,19.3,0.21000000000000085,3.6858533310958213,0,increasing,466.7,683.6,-99.79998571326524,-34.363939725702835,19.1,1,1,0
