symbol,exit_price,pnl,pct,reason,line
TENX,18.05,-5.7,-5.00%,stop_loss,"2025-11-17 19:22:10,621 INFO core.backtester - [EXIT] TENX | Price: $18.05 | P&L: $-5.70 (-5.00%) | Reason: stop_loss component=intraday_bt"
BEEP,5.1,-6.18,-5.00%,stop_loss,"2025-11-17 19:22:10,755 INFO core.backtester - [EXIT] BEEP | Price: $5.10 | P&L: $-6.18 (-5.00%) | Reason: stop_loss component=intraday_bt"
DDC,5.37,-5.93,-5.00%,stop_loss,"2025-11-17 19:22:10,805 INFO core.backtester - [EXIT] DDC | Price: $5.37 | P&L: $-5.93 (-5.00%) | Reason: stop_loss component=intraday_bt"
AEHL,2.44,-6.17,-5.00%,stop_loss,"2025-11-17 19:22:10,850 INFO core.backtester - [EXIT] AEHL | Price: $2.44 | P&L: $-6.17 (-5.00%) | Reason: stop_loss component=intraday_bt"
BBLGW,4.37,-5.98,-5.00%,stop_loss,"2025-11-17 19:22:10,894 INFO core.backtester - [EXIT] BBLGW | Price: $4.37 | P&L: $-5.98 (-5.00%) | Reason: stop_loss component=intraday_bt"
BFRGW,1.04,-12.16,-5.00%,stop_loss,"2025-11-17 19:22:10,937 INFO core.backtester - [EXIT] BFRGW | Price: $1.04 | P&L: $-12.16 (-5.00%) | Reason: stop_loss component=intraday_bt"
OABI,6.73,-5.67,-5.00%,stop_loss,"2025-11-17 19:22:10,987 INFO core.backtester - [EXIT] OABI | Price: $6.73 | P&L: $-5.67 (-5.00%) | Reason: stop_loss component=intraday_bt"
HYMC,2.73,-5.88,-5.00%,stop_loss,"2025-11-17 19:22:11,036 INFO core.backtester - [EXIT] HYMC | Price: $2.73 | P&L: $-5.88 (-5.00%) | Reason: stop_loss component=intraday_bt"
MGIH,1.33,-5.88,-5.00%,stop_loss,"2025-11-17 19:22:11,081 INFO core.backtester - [EXIT] MGIH | Price: $1.33 | P&L: $-5.88 (-5.00%) | Reason: stop_loss component=intraday_bt"
MDAI,2.84,-5.83,-5.00%,stop_loss,"2025-11-17 19:22:11,172 INFO core.backtester - [EXIT] MDAI | Price: $2.84 | P&L: $-5.83 (-5.00%) | Reason: stop_loss component=intraday_bt"
VERO,1.16,-5.86,-5.00%,stop_loss,"2025-11-17 19:22:11,216 INFO core.backtester - [EXIT] VERO | Price: $1.16 | P&L: $-5.86 (-5.00%) | Reason: stop_loss component=intraday_bt"
CALC,3.21,-11.66,-5.00%,stop_loss,"2025-11-17 19:22:11,265 INFO core.backtester - [EXIT] CALC | Price: $3.21 | P&L: $-11.66 (-5.00%) | Reason: stop_loss component=intraday_bt"
JSPR,6.65,-5.6,-5.00%,stop_loss,"2025-11-17 19:22:31,119 INFO core.backtester - [EXIT] JSPR | Price: $6.65 | P&L: $-5.60 (-5.00%) | Reason: stop_loss component=intraday_bt"
RVPHW,1.65,-5.74,-5.00%,stop_loss,"2025-11-17 19:22:31,206 INFO core.backtester - [EXIT] RVPHW | Price: $1.65 | P&L: $-5.74 (-5.00%) | Reason: stop_loss component=intraday_bt"
BFRGW,1.14,-11.46,-5.00%,stop_loss,"2025-11-17 19:22:31,249 INFO core.backtester - [EXIT] BFRGW | Price: $1.14 | P&L: $-11.46 (-5.00%) | Reason: stop_loss component=intraday_bt"
EKSO,3.0,-5.53,-5.00%,stop_loss,"2025-11-17 19:22:31,297 INFO core.backtester - [EXIT] EKSO | Price: $3.00 | P&L: $-5.53 (-5.00%) | Reason: stop_loss component=intraday_bt"
LEXX,1.46,-5.62,-5.00%,stop_loss,"2025-11-17 19:22:31,396 INFO core.backtester - [EXIT] LEXX | Price: $1.46 | P&L: $-5.62 (-5.00%) | Reason: stop_loss component=intraday_bt"
TIVC,1.96,-5.56,-5.00%,stop_loss,"2025-11-17 19:22:31,490 INFO core.backtester - [EXIT] TIVC | Price: $1.96 | P&L: $-5.56 (-5.00%) | Reason: stop_loss component=intraday_bt"
BMR,1.83,-5.5,-5.00%,stop_loss,"2025-11-17 19:22:31,541 INFO core.backtester - [EXIT] BMR | Price: $1.83 | P&L: $-5.50 (-5.00%) | Reason: stop_loss component=intraday_bt"
AREC,1.65,-5.48,-5.00%,stop_loss,"2025-11-17 19:22:31,588 INFO core.backtester - [EXIT] AREC | Price: $1.65 | P&L: $-5.48 (-5.00%) | Reason: stop_loss component=intraday_bt"
VINC,1.23,-5.46,-5.00%,stop_loss,"2025-11-17 19:22:31,639 INFO core.backtester - [EXIT] VINC | Price: $1.23 | P&L: $-5.46 (-5.00%) | Reason: stop_loss component=intraday_bt"
SABS,5.94,-5.31,-5.00%,stop_loss,"2025-11-17 19:22:50,591 INFO core.backtester - [EXIT] SABS | Price: $5.94 | P&L: $-5.31 (-5.00%) | Reason: stop_loss component=intraday_bt"
FEAM,1.6,-5.46,-5.00%,stop_loss,"2025-11-17 19:22:50,677 INFO core.backtester - [EXIT] FEAM | Price: $1.60 | P&L: $-5.46 (-5.00%) | Reason: stop_loss component=intraday_bt"
NUKK,2.44,-5.4,-5.00%,stop_loss,"2025-11-17 19:22:50,723 INFO core.backtester - [EXIT] NUKK | Price: $2.44 | P&L: $-5.40 (-5.00%) | Reason: stop_loss component=intraday_bt"
MCFT,24.57,-5.17,-5.00%,stop_loss,"2025-11-17 19:22:50,772 INFO core.backtester - [EXIT] MCFT | Price: $24.57 | P&L: $-5.17 (-5.00%) | Reason: stop_loss component=intraday_bt"
PRFX,2.56,-5.4,-5.00%,stop_loss,"2025-11-17 19:22:50,818 INFO core.backtester - [EXIT] PRFX | Price: $2.56 | P&L: $-5.40 (-5.00%) | Reason: stop_loss component=intraday_bt"
BMRA,1.06,-5.32,-5.00%,stop_loss,"2025-11-17 19:22:50,863 INFO core.backtester - [EXIT] BMRA | Price: $1.06 | P&L: $-5.32 (-5.00%) | Reason: stop_loss component=intraday_bt"
EMP,23.75,-5.0,-5.00%,stop_loss,"2025-11-17 19:22:50,906 INFO core.backtester - [EXIT] EMP | Price: $23.75 | P&L: $-5.00 (-5.00%) | Reason: stop_loss component=intraday_bt"
AEHL,2.17,-5.24,-5.00%,stop_loss,"2025-11-17 19:22:50,948 INFO core.backtester - [EXIT] AEHL | Price: $2.17 | P&L: $-5.24 (-5.00%) | Reason: stop_loss component=intraday_bt"
EAI,23.01,-4.84,-5.00%,stop_loss,"2025-11-17 19:22:50,990 INFO core.backtester - [EXIT] EAI | Price: $23.01 | P&L: $-4.84 (-5.00%) | Reason: stop_loss component=intraday_bt"
BDRX,2.82,-5.2,-5.00%,stop_loss,"2025-11-17 19:22:51,037 INFO core.backtester - [EXIT] BDRX | Price: $2.82 | P&L: $-5.20 (-5.00%) | Reason: stop_loss component=intraday_bt"
YI,1.77,-5.21,-5.00%,stop_loss,"2025-11-17 19:22:51,087 INFO core.backtester - [EXIT] YI | Price: $1.77 | P&L: $-5.21 (-5.00%) | Reason: stop_loss component=intraday_bt"
BFLY,1.09,-5.18,-5.00%,stop_loss,"2025-11-17 19:22:51,134 INFO core.backtester - [EXIT] BFLY | Price: $1.09 | P&L: $-5.18 (-5.00%) | Reason: stop_loss component=intraday_bt"
APM,2.28,-5.04,-5.00%,stop_loss,"2025-11-17 19:22:51,177 INFO core.backtester - [EXIT] APM | Price: $2.28 | P&L: $-5.04 (-5.00%) | Reason: stop_loss component=intraday_bt"
EMP,23.75,-5.0,-5.00%,stop_loss,"2025-11-17 19:23:08,770 INFO core.backtester - [EXIT] EMP | Price: $23.75 | P&L: $-5.00 (-5.00%) | Reason: stop_loss component=intraday_bt"
ZCAR,4.27,-4.95,-5.00%,stop_loss,"2025-11-17 19:23:08,813 INFO core.backtester - [EXIT] ZCAR | Price: $4.27 | P&L: $-4.95 (-5.00%) | Reason: stop_loss component=intraday_bt"
RVSN,1.25,-5.08,-5.00%,stop_loss,"2025-11-17 19:23:08,858 INFO core.backtester - [EXIT] RVSN | Price: $1.25 | P&L: $-5.08 (-5.00%) | Reason: stop_loss component=intraday_bt"
EKSO,2.6,-5.07,-5.00%,stop_loss,"2025-11-17 19:23:08,906 INFO core.backtester - [EXIT] EKSO | Price: $2.60 | P&L: $-5.07 (-5.00%) | Reason: stop_loss component=intraday_bt"
AKA,10.11,-4.79,-5.00%,stop_loss,"2025-11-17 19:23:08,948 INFO core.backtester - [EXIT] AKA | Price: $10.11 | P&L: $-4.79 (-5.00%) | Reason: stop_loss component=intraday_bt"
ESLA,1.22,-4.99,-5.00%,stop_loss,"2025-11-17 19:23:08,992 INFO core.backtester - [EXIT] ESLA | Price: $1.22 | P&L: $-4.99 (-5.00%) | Reason: stop_loss component=intraday_bt"
KORE,1.15,-4.96,-5.00%,stop_loss,"2025-11-17 19:23:09,072 INFO core.backtester - [EXIT] KORE | Price: $1.15 | P&L: $-4.96 (-5.00%) | Reason: stop_loss component=intraday_bt"
HRTX,2.23,-4.94,-5.00%,stop_loss,"2025-11-17 19:23:09,115 INFO core.backtester - [EXIT] HRTX | Price: $2.23 | P&L: $-4.94 (-5.00%) | Reason: stop_loss component=intraday_bt"
DAWN,15.19,-4.8,-5.00%,stop_loss,"2025-11-17 19:23:09,158 INFO core.backtester - [EXIT] DAWN | Price: $15.19 | P&L: $-4.80 (-5.00%) | Reason: stop_loss component=intraday_bt"
TTNP,8.36,-4.84,-5.00%,stop_loss,"2025-11-17 19:23:29,902 INFO core.backtester - [EXIT] TTNP | Price: $8.36 | P&L: $-4.84 (-5.00%) | Reason: stop_loss component=intraday_bt"
STIM,3.32,-4.73,-5.00%,stop_loss,"2025-11-17 19:23:29,951 INFO core.backtester - [EXIT] STIM | Price: $3.32 | P&L: $-4.73 (-5.00%) | Reason: stop_loss component=intraday_bt"
SYTA,4.51,-4.75,-5.00%,stop_loss,"2025-11-17 19:23:29,997 INFO core.backtester - [EXIT] SYTA | Price: $4.51 | P&L: $-4.75 (-5.00%) | Reason: stop_loss component=intraday_bt"
CMPX,2.06,-4.77,-5.00%,stop_loss,"2025-11-17 19:23:30,045 INFO core.backtester - [EXIT] CMPX | Price: $2.06 | P&L: $-4.77 (-5.00%) | Reason: stop_loss component=intraday_bt"
PMTS,21.84,-4.6,-5.00%,stop_loss,"2025-11-17 19:23:30,088 INFO core.backtester - [EXIT] PMTS | Price: $21.84 | P&L: $-4.60 (-5.00%) | Reason: stop_loss component=intraday_bt"
HTZ,10.45,-4.4,-5.00%,stop_loss,"2025-11-17 19:23:30,130 INFO core.backtester - [EXIT] HTZ | Price: $10.45 | P&L: $-4.40 (-5.00%) | Reason: stop_loss component=intraday_bt"
BDRX,2.56,-4.71,-5.00%,stop_loss,"2025-11-17 19:23:30,176 INFO core.backtester - [EXIT] BDRX | Price: $2.56 | P&L: $-4.71 (-5.00%) | Reason: stop_loss component=intraday_bt"
ERNA,1.92,-4.64,-5.00%,stop_loss,"2025-11-17 19:23:30,220 INFO core.backtester - [EXIT] ERNA | Price: $1.92 | P&L: $-4.64 (-5.00%) | Reason: stop_loss component=intraday_bt"
DGICB,17.39,-4.57,-5.00%,stop_loss,"2025-11-17 19:23:30,262 INFO core.backtester - [EXIT] DGICB | Price: $17.39 | P&L: $-4.57 (-5.00%) | Reason: stop_loss component=intraday_bt"
AEVA,1.25,-4.62,-5.00%,stop_loss,"2025-11-17 19:23:30,304 INFO core.backtester - [EXIT] AEVA | Price: $1.25 | P&L: $-4.62 (-5.00%) | Reason: stop_loss component=intraday_bt"
LITM,1.03,-4.59,-5.00%,stop_loss,"2025-11-17 19:23:30,348 INFO core.backtester - [EXIT] LITM | Price: $1.03 | P&L: $-4.59 (-5.00%) | Reason: stop_loss component=intraday_bt"
FTEL,1.36,-4.58,-5.00%,stop_loss,"2025-11-17 19:23:30,444 INFO core.backtester - [EXIT] FTEL | Price: $1.36 | P&L: $-4.58 (-5.00%) | Reason: stop_loss component=intraday_bt"
EXFY,2.14,-4.5,-5.00%,stop_loss,"2025-11-17 19:23:30,488 INFO core.backtester - [EXIT] EXFY | Price: $2.14 | P&L: $-4.50 (-5.00%) | Reason: stop_loss component=intraday_bt"
DUOT,2.86,-4.52,-5.00%,stop_loss,"2025-11-17 19:23:30,537 INFO core.backtester - [EXIT] DUOT | Price: $2.86 | P&L: $-4.52 (-5.00%) | Reason: stop_loss component=intraday_bt"
WLFC,72.68,-3.83,-5.00%,stop_loss,"2025-11-17 19:23:50,541 INFO core.backtester - [EXIT] WLFC | Price: $72.68 | P&L: $-3.83 (-5.00%) | Reason: stop_loss component=intraday_bt"
XRTX,3.13,-4.46,-5.00%,stop_loss,"2025-11-17 19:23:50,586 INFO core.backtester - [EXIT] XRTX | Price: $3.13 | P&L: $-4.46 (-5.00%) | Reason: stop_loss component=intraday_bt"
DRIO,2.29,-4.46,-5.00%,stop_loss,"2025-11-17 19:23:50,635 INFO core.backtester - [EXIT] DRIO | Price: $2.29 | P&L: $-4.46 (-5.00%) | Reason: stop_loss component=intraday_bt"
STIM,3.32,-4.38,-5.00%,stop_loss,"2025-11-17 19:23:50,686 INFO core.backtester - [EXIT] STIM | Price: $3.32 | P&L: $-4.38 (-5.00%) | Reason: stop_loss component=intraday_bt"
NVNI,2.23,-4.35,-5.00%,stop_loss,"2025-11-17 19:23:50,730 INFO core.backtester - [EXIT] NVNI | Price: $2.23 | P&L: $-4.35 (-5.00%) | Reason: stop_loss component=intraday_bt"
ABSI,4.75,-4.25,-5.00%,stop_loss,"2025-11-17 19:23:50,774 INFO core.backtester - [EXIT] ABSI | Price: $4.75 | P&L: $-4.25 (-5.00%) | Reason: stop_loss component=intraday_bt"
UK,3.85,-4.25,-5.00%,stop_loss,"2025-11-17 19:23:50,820 INFO core.backtester - [EXIT] UK | Price: $3.85 | P&L: $-4.25 (-5.00%) | Reason: stop_loss component=intraday_bt"
OSS,2.33,-4.29,-5.00%,stop_loss,"2025-11-17 19:23:50,865 INFO core.backtester - [EXIT] OSS | Price: $2.33 | P&L: $-4.29 (-5.00%) | Reason: stop_loss component=intraday_bt"
BCTXW,2.35,-8.52,-5.00%,stop_loss,"2025-11-17 19:23:50,915 INFO core.backtester - [EXIT] BCTXW | Price: $2.35 | P&L: $-8.52 (-5.00%) | Reason: stop_loss component=intraday_bt"
PIII,1.47,-4.19,-5.00%,stop_loss,"2025-11-17 19:23:50,957 INFO core.backtester - [EXIT] PIII | Price: $1.47 | P&L: $-4.19 (-5.00%) | Reason: stop_loss component=intraday_bt"
RVPHW,1.28,-4.19,-5.00%,stop_loss,"2025-11-17 19:23:51,000 INFO core.backtester - [EXIT] RVPHW | Price: $1.28 | P&L: $-4.19 (-5.00%) | Reason: stop_loss component=intraday_bt"
CLSD,1.43,-4.15,-5.00%,stop_loss,"2025-11-17 19:23:51,043 INFO core.backtester - [EXIT] CLSD | Price: $1.43 | P&L: $-4.15 (-5.00%) | Reason: stop_loss component=intraday_bt"
BLZE,6.96,-4.03,-5.00%,stop_loss,"2025-11-17 19:23:51,087 INFO core.backtester - [EXIT] BLZE | Price: $6.96 | P&L: $-4.03 (-5.00%) | Reason: stop_loss component=intraday_bt"
ERAS,2.12,-4.13,-5.00%,stop_loss,"2025-11-17 19:23:51,138 INFO core.backtester - [EXIT] ERAS | Price: $2.12 | P&L: $-4.13 (-5.00%) | Reason: stop_loss component=intraday_bt"
NEXN,4.94,-3.9,-5.00%,stop_loss,"2025-11-17 19:24:12,501 INFO core.backtester - [EXIT] NEXN | Price: $4.94 | P&L: $-3.90 (-5.00%) | Reason: stop_loss component=intraday_bt"
GAME,1.83,-4.05,-5.00%,stop_loss,"2025-11-17 19:24:12,549 INFO core.backtester - [EXIT] GAME | Price: $1.83 | P&L: $-4.05 (-5.00%) | Reason: stop_loss component=intraday_bt"
GANX,4.03,-4.03,-5.00%,stop_loss,"2025-11-17 19:24:12,592 INFO core.backtester - [EXIT] GANX | Price: $4.03 | P&L: $-4.03 (-5.00%) | Reason: stop_loss component=intraday_bt"
EKSO,2.42,-3.95,-5.00%,stop_loss,"2025-11-17 19:24:12,636 INFO core.backtester - [EXIT] EKSO | Price: $2.42 | P&L: $-3.95 (-5.00%) | Reason: stop_loss component=intraday_bt"
PLX,1.95,-4.0,-5.00%,stop_loss,"2025-11-17 19:24:12,680 INFO core.backtester - [EXIT] PLX | Price: $1.95 | P&L: $-4.00 (-5.00%) | Reason: stop_loss component=intraday_bt"
TLS,4.72,-3.98,-5.00%,stop_loss,"2025-11-17 19:24:12,773 INFO core.backtester - [EXIT] TLS | Price: $4.72 | P&L: $-3.98 (-5.00%) | Reason: stop_loss component=intraday_bt"
TURB,1.13,-7.97,-5.00%,stop_loss,"2025-11-17 19:24:12,824 INFO core.backtester - [EXIT] TURB | Price: $1.13 | P&L: $-7.97 (-5.00%) | Reason: stop_loss component=intraday_bt"
CDT,4.49,-3.78,-5.00%,stop_loss,"2025-11-17 19:24:12,936 INFO core.backtester - [EXIT] CDT | Price: $4.49 | P&L: $-3.78 (-5.00%) | Reason: stop_loss component=intraday_bt"
CERS,2.15,-3.84,-5.00%,stop_loss,"2025-11-17 19:24:12,984 INFO core.backtester - [EXIT] CERS | Price: $2.15 | P&L: $-3.84 (-5.00%) | Reason: stop_loss component=intraday_bt"
BJDX,1.15,-3.87,-5.00%,stop_loss,"2025-11-17 19:24:13,029 INFO core.backtester - [EXIT] BJDX | Price: $1.15 | P&L: $-3.87 (-5.00%) | Reason: stop_loss component=intraday_bt"
MOGO,2.04,-3.87,-5.00%,stop_loss,"2025-11-17 19:24:13,073 INFO core.backtester - [EXIT] MOGO | Price: $2.04 | P&L: $-3.87 (-5.00%) | Reason: stop_loss component=intraday_bt"
BTCS,2.18,-3.8,-5.00%,stop_loss,"2025-11-17 19:24:13,121 INFO core.backtester - [EXIT] BTCS | Price: $2.18 | P&L: $-3.80 (-5.00%) | Reason: stop_loss component=intraday_bt"
EDSA,6.13,-3.55,-5.00%,stop_loss,"2025-11-17 19:24:32,587 INFO core.backtester - [EXIT] EDSA | Price: $6.13 | P&L: $-3.55 (-5.00%) | Reason: stop_loss component=intraday_bt"
CMPX,2.01,-3.82,-5.00%,stop_loss,"2025-11-17 19:24:32,679 INFO core.backtester - [EXIT] CMPX | Price: $2.01 | P&L: $-3.82 (-5.00%) | Reason: stop_loss component=intraday_bt"
JVA,1.13,-3.81,-5.00%,stop_loss,"2025-11-17 19:24:32,724 INFO core.backtester - [EXIT] JVA | Price: $1.13 | P&L: $-3.81 (-5.00%) | Reason: stop_loss component=intraday_bt"
RVSN,1.38,-3.77,-5.00%,stop_loss,"2025-11-17 19:24:32,771 INFO core.backtester - [EXIT] RVSN | Price: $1.38 | P&L: $-3.77 (-5.00%) | Reason: stop_loss component=intraday_bt"
HYPR,1.13,-3.75,-5.00%,stop_loss,"2025-11-17 19:24:32,823 INFO core.backtester - [EXIT] HYPR | Price: $1.13 | P&L: $-3.75 (-5.00%) | Reason: stop_loss component=intraday_bt"
QH,1.23,-3.68,-5.00%,stop_loss,"2025-11-17 19:24:32,864 INFO core.backtester - [EXIT] QH | Price: $1.23 | P&L: $-3.68 (-5.00%) | Reason: stop_loss component=intraday_bt"
PXLW,1.54,-3.65,-5.00%,stop_loss,"2025-11-17 19:24:32,910 INFO core.backtester - [EXIT] PXLW | Price: $1.54 | P&L: $-3.65 (-5.00%) | Reason: stop_loss component=intraday_bt"
SND,2.12,-3.68,-5.00%,stop_loss,"2025-11-17 19:24:33,088 INFO core.backtester - [EXIT] SND | Price: $2.12 | P&L: $-3.68 (-5.00%) | Reason: stop_loss component=intraday_bt"
INTG,28.02,-2.95,-5.00%,stop_loss,"2025-11-17 19:24:33,139 INFO core.backtester - [EXIT] INTG | Price: $28.02 | P&L: $-2.95 (-5.00%) | Reason: stop_loss component=intraday_bt"
ADIL,2.03,-3.64,-5.00%,stop_loss,"2025-11-17 19:24:52,700 INFO core.backtester - [EXIT] ADIL | Price: $2.03 | P&L: $-3.64 (-5.00%) | Reason: stop_loss component=intraday_bt"
NCRA,1.04,-7.37,-5.00%,stop_loss,"2025-11-17 19:24:52,740 INFO core.backtester - [EXIT] NCRA | Price: $1.04 | P&L: $-7.37 (-5.00%) | Reason: stop_loss component=intraday_bt"
INTG,27.45,-2.89,-5.00%,stop_loss,"2025-11-17 19:24:52,784 INFO core.backtester - [EXIT] INTG | Price: $27.45 | P&L: $-2.89 (-5.00%) | Reason: stop_loss component=intraday_bt"
CPOP,1.05,-3.61,-5.00%,stop_loss,"2025-11-17 19:24:52,824 INFO core.backtester - [EXIT] CPOP | Price: $1.05 | P&L: $-3.61 (-5.00%) | Reason: stop_loss component=intraday_bt"
CCG,6.95,-3.29,-5.00%,stop_loss,"2025-11-17 19:24:52,955 INFO core.backtester - [EXIT] CCG | Price: $6.95 | P&L: $-3.29 (-5.00%) | Reason: stop_loss component=intraday_bt"
NAMSW,6.08,-3.52,-5.00%,stop_loss,"2025-11-17 19:24:53,042 INFO core.backtester - [EXIT] NAMSW | Price: $6.08 | P&L: $-3.52 (-5.00%) | Reason: stop_loss component=intraday_bt"
CLRO,1.08,-3.53,-5.00%,stop_loss,"2025-11-17 19:24:53,094 INFO core.backtester - [EXIT] CLRO | Price: $1.08 | P&L: $-3.53 (-5.00%) | Reason: stop_loss component=intraday_bt"
XBIT,5.28,-3.34,-5.00%,stop_loss,"2025-11-17 19:24:53,242 INFO core.backtester - [EXIT] XBIT | Price: $5.28 | P&L: $-3.34 (-5.00%) | Reason: stop_loss component=intraday_bt"
RR,9.5,-3.5,-5.00%,stop_loss,"2025-11-17 19:24:53,284 INFO core.backtester - [EXIT] RR | Price: $9.50 | P&L: $-3.50 (-5.00%) | Reason: stop_loss component=intraday_bt"
ZEPP,1.68,-3.45,-5.00%,stop_loss,"2025-11-17 19:24:53,331 INFO core.backtester - [EXIT] ZEPP | Price: $1.68 | P&L: $-3.45 (-5.00%) | Reason: stop_loss component=intraday_bt"
NVNI,2.45,-3.48,-5.00%,stop_loss,"2025-11-17 19:25:11,186 INFO core.backtester - [EXIT] NVNI | Price: $2.45 | P&L: $-3.48 (-5.00%) | Reason: stop_loss component=intraday_bt"
TOPS,16.04,-3.38,-5.00%,stop_loss,"2025-11-17 19:25:11,235 INFO core.backtester - [EXIT] TOPS | Price: $16.04 | P&L: $-3.38 (-5.00%) | Reason: stop_loss component=intraday_bt"
EKSO,2.13,-3.47,-5.00%,stop_loss,"2025-11-17 19:25:11,319 INFO core.backtester - [EXIT] EKSO | Price: $2.13 | P&L: $-3.47 (-5.00%) | Reason: stop_loss component=intraday_bt"
SYBX,3.8,-3.4,-5.00%,stop_loss,"2025-11-17 19:25:11,368 INFO core.backtester - [EXIT] SYBX | Price: $3.80 | P&L: $-3.40 (-5.00%) | Reason: stop_loss component=intraday_bt"
VEL,16.91,-2.67,-5.00%,stop_loss,"2025-11-17 19:25:11,411 INFO core.backtester - [EXIT] VEL | Price: $16.91 | P&L: $-2.67 (-5.00%) | Reason: stop_loss component=intraday_bt"
ADTX,4.94,-3.38,-5.00%,stop_loss,"2025-11-17 19:25:11,457 INFO core.backtester - [EXIT] ADTX | Price: $4.94 | P&L: $-3.38 (-5.00%) | Reason: stop_loss component=intraday_bt"
RVSN,1.47,-3.33,-5.00%,stop_loss,"2025-11-17 19:25:11,500 INFO core.backtester - [EXIT] RVSN | Price: $1.47 | P&L: $-3.33 (-5.00%) | Reason: stop_loss component=intraday_bt"
BFRGW,1.14,-3.36,-5.00%,stop_loss,"2025-11-17 19:25:11,545 INFO core.backtester - [EXIT] BFRGW | Price: $1.14 | P&L: $-3.36 (-5.00%) | Reason: stop_loss component=intraday_bt"
ARL,21.75,-2.29,-5.00%,stop_loss,"2025-11-17 19:25:11,590 INFO core.backtester - [EXIT] ARL | Price: $21.75 | P&L: $-2.29 (-5.00%) | Reason: stop_loss component=intraday_bt"
CVGW,27.6,-2.91,-5.00%,stop_loss,"2025-11-17 19:25:11,678 INFO core.backtester - [EXIT] CVGW | Price: $27.60 | P&L: $-2.91 (-5.00%) | Reason: stop_loss component=intraday_bt"
RLAY,11.11,-2.93,-5.00%,stop_loss,"2025-11-17 19:25:11,723 INFO core.backtester - [EXIT] RLAY | Price: $11.11 | P&L: $-2.93 (-5.00%) | Reason: stop_loss component=intraday_bt"
LASE,1.19,-3.25,-5.00%,stop_loss,"2025-11-17 19:25:11,760 INFO core.backtester - [EXIT] LASE | Price: $1.19 | P&L: $-3.25 (-5.00%) | Reason: stop_loss component=intraday_bt"
AEHL,2.56,-3.24,-5.00%,stop_loss,"2025-11-17 19:25:29,797 INFO core.backtester - [EXIT] AEHL | Price: $2.56 | P&L: $-3.24 (-5.00%) | Reason: stop_loss component=intraday_bt"
CPOP,1.0,-3.26,-5.00%,stop_loss,"2025-11-17 19:25:29,841 INFO core.backtester - [EXIT] CPOP | Price: $1.00 | P&L: $-3.26 (-5.00%) | Reason: stop_loss component=intraday_bt"
ROMA,1.33,-3.22,-5.00%,stop_loss,"2025-11-17 19:25:29,890 INFO core.backtester - [EXIT] ROMA | Price: $1.33 | P&L: $-3.22 (-5.00%) | Reason: stop_loss component=intraday_bt"
CMPX,1.59,-3.17,-5.00%,stop_loss,"2025-11-17 19:25:29,934 INFO core.backtester - [EXIT] CMPX | Price: $1.59 | P&L: $-3.17 (-5.00%) | Reason: stop_loss component=intraday_bt"
UK,3.41,-3.05,-5.00%,stop_loss,"2025-11-17 19:25:30,025 INFO core.backtester - [EXIT] UK | Price: $3.41 | P&L: $-3.05 (-5.00%) | Reason: stop_loss component=intraday_bt"
HOVR,3.04,-3.04,-5.00%,stop_loss,"2025-11-17 19:25:30,073 INFO core.backtester - [EXIT] HOVR | Price: $3.04 | P&L: $-3.04 (-5.00%) | Reason: stop_loss component=intraday_bt"
CING,6.02,-3.17,-5.00%,stop_loss,"2025-11-17 19:25:30,160 INFO core.backtester - [EXIT] CING | Price: $6.02 | P&L: $-3.17 (-5.00%) | Reason: stop_loss component=intraday_bt"
ADCT,2.01,-3.07,-5.00%,stop_loss,"2025-11-17 19:25:30,209 INFO core.backtester - [EXIT] ADCT | Price: $2.01 | P&L: $-3.07 (-5.00%) | Reason: stop_loss component=intraday_bt"
MEGL,0.97,-3.11,-5.00%,stop_loss,"2025-11-17 19:25:30,254 INFO core.backtester - [EXIT] MEGL | Price: $0.97 | P&L: $-3.11 (-5.00%) | Reason: stop_loss component=intraday_bt"
INVZ,1.97,-3.11,-5.00%,stop_loss,"2025-11-17 19:25:30,296 INFO core.backtester - [EXIT] INVZ | Price: $1.97 | P&L: $-3.11 (-5.00%) | Reason: stop_loss component=intraday_bt"
BGI,4.27,-2.93,-5.00%,stop_loss,"2025-11-17 19:25:30,340 INFO core.backtester - [EXIT] BGI | Price: $4.27 | P&L: $-2.93 (-5.00%) | Reason: stop_loss component=intraday_bt"
MAIA,1.52,-3.04,-5.00%,stop_loss,"2025-11-17 19:25:30,383 INFO core.backtester - [EXIT] MAIA | Price: $1.52 | P&L: $-3.04 (-5.00%) | Reason: stop_loss component=intraday_bt"
MURA,5.51,-2.9,-5.00%,stop_loss,"2025-11-17 19:25:50,240 INFO core.backtester - [EXIT] MURA | Price: $5.51 | P&L: $-2.90 (-5.00%) | Reason: stop_loss component=intraday_bt"
GIGM,1.65,-3.04,-5.00%,stop_loss,"2025-11-17 19:25:50,284 INFO core.backtester - [EXIT] GIGM | Price: $1.65 | P&L: $-3.04 (-5.00%) | Reason: stop_loss component=intraday_bt"
SYTA,4.08,-3.01,-5.00%,stop_loss,"2025-11-17 19:25:50,329 INFO core.backtester - [EXIT] SYTA | Price: $4.08 | P&L: $-3.01 (-5.00%) | Reason: stop_loss component=intraday_bt"
AIRG,3.56,-3.0,-5.00%,stop_loss,"2025-11-17 19:25:50,372 INFO core.backtester - [EXIT] AIRG | Price: $3.56 | P&L: $-3.00 (-5.00%) | Reason: stop_loss component=intraday_bt"
MESO,1.95,-2.97,-5.00%,stop_loss,"2025-11-17 19:25:50,422 INFO core.backtester - [EXIT] MESO | Price: $1.95 | P&L: $-2.97 (-5.00%) | Reason: stop_loss component=intraday_bt"
VATE,1.03,-2.97,-5.00%,stop_loss,"2025-11-17 19:25:50,523 INFO core.backtester - [EXIT] VATE | Price: $1.03 | P&L: $-2.97 (-5.00%) | Reason: stop_loss component=intraday_bt"
FTFT,1.0,-2.94,-5.00%,stop_loss,"2025-11-17 19:25:50,620 INFO core.backtester - [EXIT] FTFT | Price: $1.00 | P&L: $-2.94 (-5.00%) | Reason: stop_loss component=intraday_bt"
EKSO,2.31,-2.92,-5.00%,stop_loss,"2025-11-17 19:25:50,670 INFO core.backtester - [EXIT] EKSO | Price: $2.31 | P&L: $-2.92 (-5.00%) | Reason: stop_loss component=intraday_bt"
NGS,16.05,-2.54,-5.00%,stop_loss,"2025-11-17 19:25:50,724 INFO core.backtester - [EXIT] NGS | Price: $16.05 | P&L: $-2.54 (-5.00%) | Reason: stop_loss component=intraday_bt"
BFRI,2.01,-2.86,-5.00%,stop_loss,"2025-11-17 19:25:50,779 INFO core.backtester - [EXIT] BFRI | Price: $2.01 | P&L: $-2.86 (-5.00%) | Reason: stop_loss component=intraday_bt"
WKEY,2.37,-2.86,-5.00%,stop_loss,"2025-11-17 19:25:50,832 INFO core.backtester - [EXIT] WKEY | Price: $2.37 | P&L: $-2.86 (-5.00%) | Reason: stop_loss component=intraday_bt"
LTRN,3.89,-2.87,-5.00%,stop_loss,"2025-11-17 19:25:50,878 INFO core.backtester - [EXIT] LTRN | Price: $3.89 | P&L: $-2.87 (-5.00%) | Reason: stop_loss component=intraday_bt"
PCSA,3.89,-2.87,-5.00%,stop_loss,"2025-11-17 19:26:13,275 INFO core.backtester - [EXIT] PCSA | Price: $3.89 | P&L: $-2.87 (-5.00%) | Reason: stop_loss component=intraday_bt"
EVAX,5.76,-2.73,-5.00%,stop_loss,"2025-11-17 19:26:13,317 INFO core.backtester - [EXIT] EVAX | Price: $5.76 | P&L: $-2.73 (-5.00%) | Reason: stop_loss component=intraday_bt"
REBN,2.58,-2.72,-5.00%,stop_loss,"2025-11-17 19:26:13,365 INFO core.backtester - [EXIT] REBN | Price: $2.58 | P&L: $-2.72 (-5.00%) | Reason: stop_loss component=intraday_bt"
EVLVW,0.97,-5.66,-5.00%,stop_loss,"2025-11-17 19:26:13,414 INFO core.backtester - [EXIT] EVLVW | Price: $0.97 | P&L: $-5.66 (-5.00%) | Reason: stop_loss component=intraday_bt"
NVNI,2.93,-2.77,-5.00%,stop_loss,"2025-11-17 19:26:13,457 INFO core.backtester - [EXIT] NVNI | Price: $2.93 | P&L: $-2.77 (-5.00%) | Reason: stop_loss component=intraday_bt"
CVKD,1.16,-2.74,-5.00%,stop_loss,"2025-11-17 19:26:13,589 INFO core.backtester - [EXIT] CVKD | Price: $1.16 | P&L: $-2.74 (-5.00%) | Reason: stop_loss component=intraday_bt"
SCPH,5.91,-2.49,-5.00%,stop_loss,"2025-11-17 19:26:13,636 INFO core.backtester - [EXIT] SCPH | Price: $5.91 | P&L: $-2.49 (-5.00%) | Reason: stop_loss component=intraday_bt"
CREV,23.75,-2.5,-5.00%,stop_loss,"2025-11-17 19:26:13,797 INFO core.backtester - [EXIT] CREV | Price: $23.75 | P&L: $-2.50 (-5.00%) | Reason: stop_loss component=intraday_bt"
SOAR,2.3,-2.66,-5.00%,stop_loss,"2025-11-17 19:26:13,847 INFO core.backtester - [EXIT] SOAR | Price: $2.30 | P&L: $-2.66 (-5.00%) | Reason: stop_loss component=intraday_bt"
LFCR,7.5,-2.37,-5.00%,stop_loss,"2025-11-17 19:26:13,896 INFO core.backtester - [EXIT] LFCR | Price: $7.50 | P&L: $-2.37 (-5.00%) | Reason: stop_loss component=intraday_bt"
DTSS,1.41,-2.66,-5.00%,stop_loss,"2025-11-17 19:26:35,507 INFO core.backtester - [EXIT] DTSS | Price: $1.41 | P&L: $-2.66 (-5.00%) | Reason: stop_loss component=intraday_bt"
FRD,19.84,-2.09,-5.00%,stop_loss,"2025-11-17 19:26:35,549 INFO core.backtester - [EXIT] FRD | Price: $19.84 | P&L: $-2.09 (-5.00%) | Reason: stop_loss component=intraday_bt"
EDSA,4.99,-2.63,-5.00%,stop_loss,"2025-11-17 19:26:35,633 INFO core.backtester - [EXIT] EDSA | Price: $4.99 | P&L: $-2.63 (-5.00%) | Reason: stop_loss component=intraday_bt"
COCP,1.7,-2.69,-5.00%,stop_loss,"2025-11-17 19:26:35,674 INFO core.backtester - [EXIT] COCP | Price: $1.70 | P&L: $-2.69 (-5.00%) | Reason: stop_loss component=intraday_bt"
RBB,19.95,-2.1,-5.00%,stop_loss,"2025-11-17 19:26:35,766 INFO core.backtester - [EXIT] RBB | Price: $19.95 | P&L: $-2.10 (-5.00%) | Reason: stop_loss component=intraday_bt"
PRFX,2.29,-2.65,-5.00%,stop_loss,"2025-11-17 19:26:35,810 INFO core.backtester - [EXIT] PRFX | Price: $2.29 | P&L: $-2.65 (-5.00%) | Reason: stop_loss component=intraday_bt"
ENSC,1.25,-2.64,-5.00%,stop_loss,"2025-11-17 19:26:35,858 INFO core.backtester - [EXIT] ENSC | Price: $1.25 | P&L: $-2.64 (-5.00%) | Reason: stop_loss component=intraday_bt"
PSQH,6.52,-2.4,-5.00%,stop_loss,"2025-11-17 19:26:36,009 INFO core.backtester - [EXIT] PSQH | Price: $6.52 | P&L: $-2.40 (-5.00%) | Reason: stop_loss component=intraday_bt"
TIVC,1.4,-2.57,-5.00%,stop_loss,"2025-11-17 19:26:36,052 INFO core.backtester - [EXIT] TIVC | Price: $1.40 | P&L: $-2.57 (-5.00%) | Reason: stop_loss component=intraday_bt"
LOCL,2.09,-2.53,-5.00%,stop_loss,"2025-11-17 19:26:36,096 INFO core.backtester - [EXIT] LOCL | Price: $2.09 | P&L: $-2.53 (-5.00%) | Reason: stop_loss component=intraday_bt"
SWIN,3.75,-2.57,-5.00%,stop_loss,"2025-11-17 19:26:36,146 INFO core.backtester - [EXIT] SWIN | Price: $3.75 | P&L: $-2.57 (-5.00%) | Reason: stop_loss component=intraday_bt"
ESOA,10.42,-2.19,-5.00%,stop_loss,"2025-11-17 19:26:57,602 INFO core.backtester - [EXIT] ESOA | Price: $10.42 | P&L: $-2.19 (-5.00%) | Reason: stop_loss component=intraday_bt"
CLLS,2.75,-2.46,-5.00%,stop_loss,"2025-11-17 19:26:57,692 INFO core.backtester - [EXIT] CLLS | Price: $2.75 | P&L: $-2.46 (-5.00%) | Reason: stop_loss component=intraday_bt"
PRSO,6.04,-2.54,-5.00%,stop_loss,"2025-11-17 19:26:57,740 INFO core.backtester - [EXIT] PRSO | Price: $6.04 | P&L: $-2.54 (-5.00%) | Reason: stop_loss component=intraday_bt"
MBIO,1.5,-2.52,-5.00%,stop_loss,"2025-11-17 19:26:57,795 INFO core.backtester - [EXIT] MBIO | Price: $1.50 | P&L: $-2.52 (-5.00%) | Reason: stop_loss component=intraday_bt"
GREE,3.91,-2.47,-5.00%,stop_loss,"2025-11-17 19:26:57,840 INFO core.backtester - [EXIT] GREE | Price: $3.91 | P&L: $-2.47 (-5.00%) | Reason: stop_loss component=intraday_bt"
SYTA,3.87,-2.44,-5.00%,stop_loss,"2025-11-17 19:26:57,887 INFO core.backtester - [EXIT] SYTA | Price: $3.87 | P&L: $-2.44 (-5.00%) | Reason: stop_loss component=intraday_bt"
FAMI,1.13,-2.5,-5.00%,stop_loss,"2025-11-17 19:26:57,932 INFO core.backtester - [EXIT] FAMI | Price: $1.13 | P&L: $-2.50 (-5.00%) | Reason: stop_loss component=intraday_bt"
JVA,1.05,-2.44,-5.00%,stop_loss,"2025-11-17 19:26:58,026 INFO core.backtester - [EXIT] JVA | Price: $1.05 | P&L: $-2.44 (-5.00%) | Reason: stop_loss component=intraday_bt"
WORX,1.69,-2.4,-5.00%,stop_loss,"2025-11-17 19:26:58,074 INFO core.backtester - [EXIT] WORX | Price: $1.69 | P&L: $-2.40 (-5.00%) | Reason: stop_loss component=intraday_bt"
BDRX,1.94,-2.45,-5.00%,stop_loss,"2025-11-17 19:26:58,173 INFO core.backtester - [EXIT] BDRX | Price: $1.94 | P&L: $-2.45 (-5.00%) | Reason: stop_loss component=intraday_bt"
GDC,1.95,-2.36,-5.00%,stop_loss,"2025-11-17 19:26:58,222 INFO core.backtester - [EXIT] GDC | Price: $1.95 | P&L: $-2.36 (-5.00%) | Reason: stop_loss component=intraday_bt"
INO,6.58,-2.43,-5.00%,stop_loss,"2025-11-17 19:27:18,163 INFO core.backtester - [EXIT] INO | Price: $6.58 | P&L: $-2.43 (-5.00%) | Reason: stop_loss component=intraday_bt"
VATE,1.1,-2.44,-5.00%,stop_loss,"2025-11-17 19:27:18,208 INFO core.backtester - [EXIT] VATE | Price: $1.10 | P&L: $-2.44 (-5.00%) | Reason: stop_loss component=intraday_bt"
ZEUS,73.15,-3.85,-5.00%,stop_loss,"2025-11-17 19:27:18,251 INFO core.backtester - [EXIT] ZEUS | Price: $73.15 | P&L: $-3.85 (-5.00%) | Reason: stop_loss component=intraday_bt"
BW,1.4,-2.35,-5.00%,stop_loss,"2025-11-17 19:27:18,294 INFO core.backtester - [EXIT] BW | Price: $1.40 | P&L: $-2.35 (-5.00%) | Reason: stop_loss component=intraday_bt"
ATGL,14.81,-2.34,-5.00%,stop_loss,"2025-11-17 19:27:18,381 INFO core.backtester - [EXIT] ATGL | Price: $14.81 | P&L: $-2.34 (-5.00%) | Reason: stop_loss component=intraday_bt"
SANG,3.01,-2.22,-5.00%,stop_loss,"2025-11-17 19:27:18,457 INFO core.backtester - [EXIT] SANG | Price: $3.01 | P&L: $-2.22 (-5.00%) | Reason: stop_loss component=intraday_bt"
ANGH,1.09,-2.3,-5.00%,stop_loss,"2025-11-17 19:27:18,497 INFO core.backtester - [EXIT] ANGH | Price: $1.09 | P&L: $-2.30 (-5.00%) | Reason: stop_loss component=intraday_bt"
XERS,2.55,-2.28,-5.00%,stop_loss,"2025-11-17 19:27:18,540 INFO core.backtester - [EXIT] XERS | Price: $2.55 | P&L: $-2.28 (-5.00%) | Reason: stop_loss component=intraday_bt"
GAME,1.78,-2.34,-5.00%,stop_loss,"2025-11-17 19:27:18,663 INFO core.backtester - [EXIT] GAME | Price: $1.78 | P&L: $-2.34 (-5.00%) | Reason: stop_loss component=intraday_bt"
UPC,2.09,-2.31,-5.00%,stop_loss,"2025-11-17 19:27:18,704 INFO core.backtester - [EXIT] UPC | Price: $2.09 | P&L: $-2.31 (-5.00%) | Reason: stop_loss component=intraday_bt"
BANL,1.48,-2.26,-5.00%,stop_loss,"2025-11-17 19:27:18,746 INFO core.backtester - [EXIT] BANL | Price: $1.48 | P&L: $-2.26 (-5.00%) | Reason: stop_loss component=intraday_bt"
EKSO,2.58,-2.18,-5.00%,stop_loss,"2025-11-17 19:27:43,508 INFO core.backtester - [EXIT] EKSO | Price: $2.58 | P&L: $-2.18 (-5.00%) | Reason: stop_loss component=intraday_bt"
INO,7.89,-2.08,-5.00%,stop_loss,"2025-11-17 19:27:43,551 INFO core.backtester - [EXIT] INO | Price: $7.89 | P&L: $-2.08 (-5.00%) | Reason: stop_loss component=intraday_bt"
SYNX,3.32,-2.28,-5.00%,stop_loss,"2025-11-17 19:27:43,594 INFO core.backtester - [EXIT] SYNX | Price: $3.32 | P&L: $-2.28 (-5.00%) | Reason: stop_loss component=intraday_bt"
BTCM,3.98,-2.1,-5.00%,stop_loss,"2025-11-17 19:27:43,634 INFO core.backtester - [EXIT] BTCM | Price: $3.98 | P&L: $-2.10 (-5.00%) | Reason: stop_loss component=intraday_bt"
BFLY,1.1,-2.2,-5.00%,stop_loss,"2025-11-17 19:27:43,676 INFO core.backtester - [EXIT] BFLY | Price: $1.10 | P&L: $-2.20 (-5.00%) | Reason: stop_loss component=intraday_bt"
LXEH,4.26,-2.24,-5.00%,stop_loss,"2025-11-17 19:27:43,759 INFO core.backtester - [EXIT] LXEH | Price: $4.26 | P&L: $-2.24 (-5.00%) | Reason: stop_loss component=intraday_bt"
IFRX,1.8,-2.18,-5.00%,stop_loss,"2025-11-17 19:27:43,845 INFO core.backtester - [EXIT] IFRX | Price: $1.80 | P&L: $-2.18 (-5.00%) | Reason: stop_loss component=intraday_bt"
CVRX,26.89,-1.42,-5.00%,stop_loss,"2025-11-17 19:27:43,887 INFO core.backtester - [EXIT] CVRX | Price: $26.89 | P&L: $-1.42 (-5.00%) | Reason: stop_loss component=intraday_bt"
NLST,2.05,-2.16,-5.00%,stop_loss,"2025-11-17 19:27:43,933 INFO core.backtester - [EXIT] NLST | Price: $2.05 | P&L: $-2.16 (-5.00%) | Reason: stop_loss component=intraday_bt"
SOL,2.18,-2.19,-5.00%,stop_loss,"2025-11-17 19:27:43,982 INFO core.backtester - [EXIT] SOL | Price: $2.18 | P&L: $-2.19 (-5.00%) | Reason: stop_loss component=intraday_bt"
KTTA,7.59,-2.0,-5.00%,stop_loss,"2025-11-17 19:27:44,024 INFO core.backtester - [EXIT] KTTA | Price: $7.59 | P&L: $-2.00 (-5.00%) | Reason: stop_loss component=intraday_bt"
PLRX,28.45,-1.5,-5.00%,stop_loss,"2025-11-17 19:28:02,852 INFO core.backtester - [EXIT] PLRX | Price: $28.45 | P&L: $-1.50 (-5.00%) | Reason: stop_loss component=intraday_bt"
PPTA,3.24,-2.05,-5.00%,stop_loss,"2025-11-17 19:28:02,896 INFO core.backtester - [EXIT] PPTA | Price: $3.24 | P&L: $-2.05 (-5.00%) | Reason: stop_loss component=intraday_bt"
NEOV,1.8,-2.08,-5.00%,stop_loss,"2025-11-17 19:28:02,982 INFO core.backtester - [EXIT] NEOV | Price: $1.80 | P&L: $-2.08 (-5.00%) | Reason: stop_loss component=intraday_bt"
NTWK,1.93,-2.13,-5.00%,stop_loss,"2025-11-17 19:28:03,068 INFO core.backtester - [EXIT] NTWK | Price: $1.93 | P&L: $-2.13 (-5.00%) | Reason: stop_loss component=intraday_bt"
KGEI,3.77,-1.99,-5.00%,stop_loss,"2025-11-17 19:28:03,111 INFO core.backtester - [EXIT] KGEI | Price: $3.77 | P&L: $-1.99 (-5.00%) | Reason: stop_loss component=intraday_bt"
ENSC,1.76,-2.13,-5.00%,stop_loss,"2025-11-17 19:28:03,169 INFO core.backtester - [EXIT] ENSC | Price: $1.76 | P&L: $-2.13 (-5.00%) | Reason: stop_loss component=intraday_bt"
NNVC,1.14,-2.1,-5.00%,stop_loss,"2025-11-17 19:28:03,217 INFO core.backtester - [EXIT] NNVC | Price: $1.14 | P&L: $-2.10 (-5.00%) | Reason: stop_loss component=intraday_bt"
SURG,7.08,-1.86,-5.00%,stop_loss,"2025-11-17 19:28:03,259 INFO core.backtester - [EXIT] SURG | Price: $7.08 | P&L: $-1.86 (-5.00%) | Reason: stop_loss component=intraday_bt"
MPU,3.36,-1.95,-5.00%,stop_loss,"2025-11-17 19:28:03,306 INFO core.backtester - [EXIT] MPU | Price: $3.36 | P&L: $-1.95 (-5.00%) | Reason: stop_loss component=intraday_bt"
BATL,7.12,-1.87,-5.00%,stop_loss,"2025-11-17 19:28:03,371 INFO core.backtester - [EXIT] BATL | Price: $7.12 | P&L: $-1.87 (-5.00%) | Reason: stop_loss component=intraday_bt"
THTX,1.68,-2.04,-5.00%,stop_loss,"2025-11-17 19:28:03,429 INFO core.backtester - [EXIT] THTX | Price: $1.68 | P&L: $-2.04 (-5.00%) | Reason: stop_loss component=intraday_bt"
ELUT,4.42,-1.86,-5.00%,stop_loss,"2025-11-17 19:28:03,471 INFO core.backtester - [EXIT] ELUT | Price: $4.42 | P&L: $-1.86 (-5.00%) | Reason: stop_loss component=intraday_bt"
GRI,3.26,-1.89,-5.00%,stop_loss,"2025-11-17 19:28:24,143 INFO core.backtester - [EXIT] GRI | Price: $3.26 | P&L: $-1.89 (-5.00%) | Reason: stop_loss component=intraday_bt"
CGEM,18.05,-1.9,-5.00%,stop_loss,"2025-11-17 19:28:24,185 INFO core.backtester - [EXIT] CGEM | Price: $18.05 | P&L: $-1.90 (-5.00%) | Reason: stop_loss component=intraday_bt"
ITRM,3.02,-1.91,-5.00%,stop_loss,"2025-11-17 19:28:24,228 INFO core.backtester - [EXIT] ITRM | Price: $3.02 | P&L: $-1.91 (-5.00%) | Reason: stop_loss component=intraday_bt"
ODVWZ,3.13,-1.98,-5.00%,stop_loss,"2025-11-17 19:28:24,269 INFO core.backtester - [EXIT] ODVWZ | Price: $3.13 | P&L: $-1.98 (-5.00%) | Reason: stop_loss component=intraday_bt"
SHFS,1.2,-1.95,-5.00%,stop_loss,"2025-11-17 19:28:24,319 INFO core.backtester - [EXIT] SHFS | Price: $1.20 | P&L: $-1.95 (-5.00%) | Reason: stop_loss component=intraday_bt"
AHG,1.62,-1.97,-5.00%,stop_loss,"2025-11-17 19:28:24,362 INFO core.backtester - [EXIT] AHG | Price: $1.62 | P&L: $-1.97 (-5.00%) | Reason: stop_loss component=intraday_bt"
JL,10.1,-1.59,-5.00%,stop_loss,"2025-11-17 19:28:24,406 INFO core.backtester - [EXIT] JL | Price: $10.10 | P&L: $-1.59 (-5.00%) | Reason: stop_loss component=intraday_bt"
CCG,6.65,-1.75,-5.00%,stop_loss,"2025-11-17 19:28:24,445 INFO core.backtester - [EXIT] CCG | Price: $6.65 | P&L: $-1.75 (-5.00%) | Reason: stop_loss component=intraday_bt"
BBLGW,13.77,-1.45,-5.00%,stop_loss,"2025-11-17 19:28:24,488 INFO core.backtester - [EXIT] BBLGW | Price: $13.77 | P&L: $-1.45 (-5.00%) | Reason: stop_loss component=intraday_bt"
MPU,3.57,-1.88,-5.00%,stop_loss,"2025-11-17 19:28:24,530 INFO core.backtester - [EXIT] MPU | Price: $3.57 | P&L: $-1.88 (-5.00%) | Reason: stop_loss component=intraday_bt"
HWH,1.54,-1.86,-5.00%,stop_loss,"2025-11-17 19:28:24,614 INFO core.backtester - [EXIT] HWH | Price: $1.54 | P&L: $-1.86 (-5.00%) | Reason: stop_loss component=intraday_bt"
BDRX,2.14,-1.91,-5.00%,stop_loss,"2025-11-17 19:28:24,657 INFO core.backtester - [EXIT] BDRX | Price: $2.14 | P&L: $-1.91 (-5.00%) | Reason: stop_loss component=intraday_bt"
AZTR,1.41,-1.85,-5.00%,stop_loss,"2025-11-17 19:28:24,696 INFO core.backtester - [EXIT] AZTR | Price: $1.41 | P&L: $-1.85 (-5.00%) | Reason: stop_loss component=intraday_bt"
CETY,0.92,-1.89,-5.00%,stop_loss,"2025-11-17 19:28:24,734 INFO core.backtester - [EXIT] CETY | Price: $0.92 | P&L: $-1.89 (-5.00%) | Reason: stop_loss component=intraday_bt"
ODVWZ,3.7,-1.75,-5.00%,stop_loss,"2025-11-17 19:28:43,227 INFO core.backtester - [EXIT] ODVWZ | Price: $3.70 | P&L: $-1.75 (-5.00%) | Reason: stop_loss component=intraday_bt"
STIM,4.08,-1.72,-5.00%,stop_loss,"2025-11-17 19:28:43,265 INFO core.backtester - [EXIT] STIM | Price: $4.08 | P&L: $-1.72 (-5.00%) | Reason: stop_loss component=intraday_bt"
BDRX,2.14,-1.8,-5.00%,stop_loss,"2025-11-17 19:28:43,306 INFO core.backtester - [EXIT] BDRX | Price: $2.14 | P&L: $-1.80 (-5.00%) | Reason: stop_loss component=intraday_bt"
SMSI,1.01,-1.86,-5.00%,stop_loss,"2025-11-17 19:28:43,350 INFO core.backtester - [EXIT] SMSI | Price: $1.01 | P&L: $-1.86 (-5.00%) | Reason: stop_loss component=intraday_bt"
NRSN,1.1,-1.86,-5.00%,stop_loss,"2025-11-17 19:28:43,539 INFO core.backtester - [EXIT] NRSN | Price: $1.10 | P&L: $-1.86 (-5.00%) | Reason: stop_loss component=intraday_bt"
LXEH,4.18,-1.76,-5.00%,stop_loss,"2025-11-17 19:28:43,623 INFO core.backtester - [EXIT] LXEH | Price: $4.18 | P&L: $-1.76 (-5.00%) | Reason: stop_loss component=intraday_bt"
TLPH,1.1,-1.8,-5.00%,stop_loss,"2025-11-17 19:28:43,666 INFO core.backtester - [EXIT] TLPH | Price: $1.10 | P&L: $-1.80 (-5.00%) | Reason: stop_loss component=intraday_bt"
LUCD,1.42,-3.6,-5.00%,stop_loss,"2025-11-17 19:28:43,716 INFO core.backtester - [EXIT] LUCD | Price: $1.42 | P&L: $-3.60 (-5.00%) | Reason: stop_loss component=intraday_bt"
RDCM,10.18,-1.61,-5.00%,stop_loss,"2025-11-17 19:28:43,768 INFO core.backtester - [EXIT] RDCM | Price: $10.18 | P&L: $-1.61 (-5.00%) | Reason: stop_loss component=intraday_bt"
TENX,18.05,-0.95,-5.00%,stop_loss,"2025-11-17 20:12:11,470 INFO core.backtester - [EXIT] TENX | Price: $18.05 | P&L: $-0.95 (-5.00%) | Reason: stop_loss component=intraday_bt"
BEEP,5.1,-0.27,-5.00%,stop_loss,"2025-11-17 20:12:11,671 INFO core.backtester - [EXIT] BEEP | Price: $5.10 | P&L: $-0.27 (-5.00%) | Reason: stop_loss component=intraday_bt"
DDC,5.37,-0.28,-5.00%,stop_loss,"2025-11-17 20:12:11,729 INFO core.backtester - [EXIT] DDC | Price: $5.37 | P&L: $-0.28 (-5.00%) | Reason: stop_loss component=intraday_bt"
AEHL,2.44,-0.13,-5.00%,stop_loss,"2025-11-17 20:12:11,775 INFO core.backtester - [EXIT] AEHL | Price: $2.44 | P&L: $-0.13 (-5.00%) | Reason: stop_loss component=intraday_bt"
BBLGW,4.37,-0.23,-5.00%,stop_loss,"2025-11-17 20:12:11,820 INFO core.backtester - [EXIT] BBLGW | Price: $4.37 | P&L: $-0.23 (-5.00%) | Reason: stop_loss component=intraday_bt"
OABI,6.73,-0.35,-5.00%,stop_loss,"2025-11-17 20:12:11,873 INFO core.backtester - [EXIT] OABI | Price: $6.73 | P&L: $-0.35 (-5.00%) | Reason: stop_loss component=intraday_bt"
HYMC,2.73,-0.14,-5.00%,stop_loss,"2025-11-17 20:12:11,919 INFO core.backtester - [EXIT] HYMC | Price: $2.73 | P&L: $-0.14 (-5.00%) | Reason: stop_loss component=intraday_bt"
MDAI,2.84,-0.15,-5.00%,stop_loss,"2025-11-17 20:12:12,017 INFO core.backtester - [EXIT] MDAI | Price: $2.84 | P&L: $-0.15 (-5.00%) | Reason: stop_loss component=intraday_bt"
ELVA,3.19,-0.17,-5.00%,stop_loss,"2025-11-17 20:12:12,061 INFO core.backtester - [EXIT] ELVA | Price: $3.19 | P&L: $-0.17 (-5.00%) | Reason: stop_loss component=intraday_bt"
KOSS,3.58,-0.19,-5.00%,stop_loss,"2025-11-17 20:12:12,113 INFO core.backtester - [EXIT] KOSS | Price: $3.58 | P&L: $-0.19 (-5.00%) | Reason: stop_loss component=intraday_bt"
PWM,2.14,-0.11,-5.00%,stop_loss,"2025-11-17 20:12:12,159 INFO core.backtester - [EXIT] PWM | Price: $2.14 | P&L: $-0.11 (-5.00%) | Reason: stop_loss component=intraday_bt"
JSPR,6.65,-0.35,-5.00%,stop_loss,"2025-11-17 20:12:28,814 INFO core.backtester - [EXIT] JSPR | Price: $6.65 | P&L: $-0.35 (-5.00%) | Reason: stop_loss component=intraday_bt"
RVPHW,1.65,-0.09,-5.00%,stop_loss,"2025-11-17 20:12:28,873 INFO core.backtester - [EXIT] RVPHW | Price: $1.65 | P&L: $-0.09 (-5.00%) | Reason: stop_loss component=intraday_bt"
EKSO,3.0,-0.16,-5.00%,stop_loss,"2025-11-17 20:12:28,929 INFO core.backtester - [EXIT] EKSO | Price: $3.00 | P&L: $-0.16 (-5.00%) | Reason: stop_loss component=intraday_bt"
LEXX,1.46,-0.08,-5.00%,stop_loss,"2025-11-17 20:12:29,042 INFO core.backtester - [EXIT] LEXX | Price: $1.46 | P&L: $-0.08 (-5.00%) | Reason: stop_loss component=intraday_bt"
TIVC,1.96,-0.1,-5.00%,stop_loss,"2025-11-17 20:12:29,161 INFO core.backtester - [EXIT] TIVC | Price: $1.96 | P&L: $-0.10 (-5.00%) | Reason: stop_loss component=intraday_bt"
BMR,1.83,-0.1,-5.00%,stop_loss,"2025-11-17 20:12:29,224 INFO core.backtester - [EXIT] BMR | Price: $1.83 | P&L: $-0.10 (-5.00%) | Reason: stop_loss component=intraday_bt"
AREC,1.65,-0.09,-5.00%,stop_loss,"2025-11-17 20:12:29,278 INFO core.backtester - [EXIT] AREC | Price: $1.65 | P&L: $-0.09 (-5.00%) | Reason: stop_loss component=intraday_bt"
TENX,16.91,-0.89,-5.00%,stop_loss,"2025-11-17 20:12:29,452 INFO core.backtester - [EXIT] TENX | Price: $16.91 | P&L: $-0.89 (-5.00%) | Reason: stop_loss component=intraday_bt"
BWEN,2.75,-0.15,-5.00%,stop_loss,"2025-11-17 20:12:29,517 INFO core.backtester - [EXIT] BWEN | Price: $2.75 | P&L: $-0.15 (-5.00%) | Reason: stop_loss component=intraday_bt"
SABS,5.94,-0.31,-5.00%,stop_loss,"2025-11-17 20:12:43,541 INFO core.backtester - [EXIT] SABS | Price: $5.94 | P&L: $-0.31 (-5.00%) | Reason: stop_loss component=intraday_bt"
FEAM,1.6,-0.08,-5.00%,stop_loss,"2025-11-17 20:12:43,638 INFO core.backtester - [EXIT] FEAM | Price: $1.60 | P&L: $-0.08 (-5.00%) | Reason: stop_loss component=intraday_bt"
NUKK,2.44,-0.13,-5.00%,stop_loss,"2025-11-17 20:12:43,685 INFO core.backtester - [EXIT] NUKK | Price: $2.44 | P&L: $-0.13 (-5.00%) | Reason: stop_loss component=intraday_bt"
PRFX,2.56,-0.14,-5.00%,stop_loss,"2025-11-17 20:12:43,729 INFO core.backtester - [EXIT] PRFX | Price: $2.56 | P&L: $-0.14 (-5.00%) | Reason: stop_loss component=intraday_bt"
AEHL,2.17,-0.11,-5.00%,stop_loss,"2025-11-17 20:12:43,777 INFO core.backtester - [EXIT] AEHL | Price: $2.17 | P&L: $-0.11 (-5.00%) | Reason: stop_loss component=intraday_bt"
BDRX,2.82,-0.15,-5.00%,stop_loss,"2025-11-17 20:12:43,821 INFO core.backtester - [EXIT] BDRX | Price: $2.82 | P&L: $-0.15 (-5.00%) | Reason: stop_loss component=intraday_bt"
YI,1.77,-0.09,-5.00%,stop_loss,"2025-11-17 20:12:43,858 INFO core.backtester - [EXIT] YI | Price: $1.77 | P&L: $-0.09 (-5.00%) | Reason: stop_loss component=intraday_bt"
APM,2.28,-0.12,-5.00%,stop_loss,"2025-11-17 20:12:43,900 INFO core.backtester - [EXIT] APM | Price: $2.28 | P&L: $-0.12 (-5.00%) | Reason: stop_loss component=intraday_bt"
RANI,3.3,-0.17,-5.00%,stop_loss,"2025-11-17 20:12:43,942 INFO core.backtester - [EXIT] RANI | Price: $3.30 | P&L: $-0.17 (-5.00%) | Reason: stop_loss component=intraday_bt"
COYA,7.02,-0.37,-5.00%,stop_loss,"2025-11-17 20:12:43,986 INFO core.backtester - [EXIT] COYA | Price: $7.02 | P&L: $-0.37 (-5.00%) | Reason: stop_loss component=intraday_bt"
VNCE,3.34,-0.18,-5.00%,stop_loss,"2025-11-17 20:12:44,070 INFO core.backtester - [EXIT] VNCE | Price: $3.34 | P&L: $-0.18 (-5.00%) | Reason: stop_loss component=intraday_bt"
IMMX,6.12,-0.32,-5.00%,stop_loss,"2025-11-17 20:12:44,112 INFO core.backtester - [EXIT] IMMX | Price: $6.12 | P&L: $-0.32 (-5.00%) | Reason: stop_loss component=intraday_bt"
ZCAR,4.27,-0.23,-5.00%,stop_loss,"2025-11-17 20:12:57,981 INFO core.backtester - [EXIT] ZCAR | Price: $4.27 | P&L: $-0.23 (-5.00%) | Reason: stop_loss component=intraday_bt"
EKSO,2.6,-0.14,-5.00%,stop_loss,"2025-11-17 20:12:58,026 INFO core.backtester - [EXIT] EKSO | Price: $2.60 | P&L: $-0.14 (-5.00%) | Reason: stop_loss component=intraday_bt"
AKA,10.11,-0.53,-5.00%,stop_loss,"2025-11-17 20:12:58,075 INFO core.backtester - [EXIT] AKA | Price: $10.11 | P&L: $-0.53 (-5.00%) | Reason: stop_loss component=intraday_bt"
HRTX,2.23,-0.12,-5.00%,stop_loss,"2025-11-17 20:12:58,165 INFO core.backtester - [EXIT] HRTX | Price: $2.23 | P&L: $-0.12 (-5.00%) | Reason: stop_loss component=intraday_bt"
DAWN,15.19,-0.8,-5.00%,stop_loss,"2025-11-17 20:12:58,209 INFO core.backtester - [EXIT] DAWN | Price: $15.19 | P&L: $-0.80 (-5.00%) | Reason: stop_loss component=intraday_bt"
BBLG,5.32,-0.28,-5.00%,stop_loss,"2025-11-17 20:12:58,251 INFO core.backtester - [EXIT] BBLG | Price: $5.32 | P&L: $-0.28 (-5.00%) | Reason: stop_loss component=intraday_bt"
CREX,2.68,-0.14,-5.00%,stop_loss,"2025-11-17 20:12:58,294 INFO core.backtester - [EXIT] CREX | Price: $2.68 | P&L: $-0.14 (-5.00%) | Reason: stop_loss component=intraday_bt"
KTTA,7.36,-0.39,-5.00%,stop_loss,"2025-11-17 20:12:58,337 INFO core.backtester - [EXIT] KTTA | Price: $7.36 | P&L: $-0.39 (-5.00%) | Reason: stop_loss component=intraday_bt"
CRVS,2.19,-0.12,-5.00%,stop_loss,"2025-11-17 20:12:58,381 INFO core.backtester - [EXIT] CRVS | Price: $2.19 | P&L: $-0.12 (-5.00%) | Reason: stop_loss component=intraday_bt"
TTNP,8.36,-0.44,-5.00%,stop_loss,"2025-11-17 20:13:13,188 INFO core.backtester - [EXIT] TTNP | Price: $8.36 | P&L: $-0.44 (-5.00%) | Reason: stop_loss component=intraday_bt"
STIM,3.32,-0.18,-5.00%,stop_loss,"2025-11-17 20:13:13,235 INFO core.backtester - [EXIT] STIM | Price: $3.32 | P&L: $-0.18 (-5.00%) | Reason: stop_loss component=intraday_bt"
SYTA,4.51,-0.24,-5.00%,stop_loss,"2025-11-17 20:13:13,289 INFO core.backtester - [EXIT] SYTA | Price: $4.51 | P&L: $-0.24 (-5.00%) | Reason: stop_loss component=intraday_bt"
CMPX,2.06,-0.11,-5.00%,stop_loss,"2025-11-17 20:13:13,333 INFO core.backtester - [EXIT] CMPX | Price: $2.06 | P&L: $-0.11 (-5.00%) | Reason: stop_loss component=intraday_bt"
HTZ,10.45,-0.55,-5.00%,stop_loss,"2025-11-17 20:13:13,376 INFO core.backtester - [EXIT] HTZ | Price: $10.45 | P&L: $-0.55 (-5.00%) | Reason: stop_loss component=intraday_bt"
BDRX,2.56,-0.13,-5.00%,stop_loss,"2025-11-17 20:13:13,421 INFO core.backtester - [EXIT] BDRX | Price: $2.56 | P&L: $-0.13 (-5.00%) | Reason: stop_loss component=intraday_bt"
ERNA,1.92,-0.1,-5.00%,stop_loss,"2025-11-17 20:13:13,467 INFO core.backtester - [EXIT] ERNA | Price: $1.92 | P&L: $-0.10 (-5.00%) | Reason: stop_loss component=intraday_bt"
DGICB,17.39,-0.91,-5.00%,stop_loss,"2025-11-17 20:13:13,514 INFO core.backtester - [EXIT] DGICB | Price: $17.39 | P&L: $-0.91 (-5.00%) | Reason: stop_loss component=intraday_bt"
EXFY,2.14,-0.11,-5.00%,stop_loss,"2025-11-17 20:13:13,608 INFO core.backtester - [EXIT] EXFY | Price: $2.14 | P&L: $-0.11 (-5.00%) | Reason: stop_loss component=intraday_bt"
DUOT,2.86,-0.15,-5.00%,stop_loss,"2025-11-17 20:13:13,657 INFO core.backtester - [EXIT] DUOT | Price: $2.86 | P&L: $-0.15 (-5.00%) | Reason: stop_loss component=intraday_bt"
BRNS,3.49,-0.18,-5.00%,stop_loss,"2025-11-17 20:13:13,705 INFO core.backtester - [EXIT] BRNS | Price: $3.49 | P&L: $-0.18 (-5.00%) | Reason: stop_loss component=intraday_bt"
CLPT,6.6,-0.35,-5.00%,stop_loss,"2025-11-17 20:13:13,748 INFO core.backtester - [EXIT] CLPT | Price: $6.60 | P&L: $-0.35 (-5.00%) | Reason: stop_loss component=intraday_bt"
ALEC,8.39,-0.44,-5.00%,stop_loss,"2025-11-17 20:13:13,791 INFO core.backtester - [EXIT] ALEC | Price: $8.39 | P&L: $-0.44 (-5.00%) | Reason: stop_loss component=intraday_bt"
ESOA,5.74,-0.3,-5.00%,stop_loss,"2025-11-17 20:13:13,834 INFO core.backtester - [EXIT] ESOA | Price: $5.74 | P&L: $-0.30 (-5.00%) | Reason: stop_loss component=intraday_bt"
XRTX,3.13,-0.17,-5.00%,stop_loss,"2025-11-17 20:13:27,910 INFO core.backtester - [EXIT] XRTX | Price: $3.13 | P&L: $-0.17 (-5.00%) | Reason: stop_loss component=intraday_bt"
DRIO,2.29,-0.12,-5.00%,stop_loss,"2025-11-17 20:13:27,953 INFO core.backtester - [EXIT] DRIO | Price: $2.29 | P&L: $-0.12 (-5.00%) | Reason: stop_loss component=intraday_bt"
STIM,3.32,-0.18,-5.00%,stop_loss,"2025-11-17 20:13:27,996 INFO core.backtester - [EXIT] STIM | Price: $3.32 | P&L: $-0.18 (-5.00%) | Reason: stop_loss component=intraday_bt"
NVNI,2.23,-0.12,-5.00%,stop_loss,"2025-11-17 20:13:28,045 INFO core.backtester - [EXIT] NVNI | Price: $2.23 | P&L: $-0.12 (-5.00%) | Reason: stop_loss component=intraday_bt"
ABSI,4.75,-0.25,-5.00%,stop_loss,"2025-11-17 20:13:28,090 INFO core.backtester - [EXIT] ABSI | Price: $4.75 | P&L: $-0.25 (-5.00%) | Reason: stop_loss component=intraday_bt"
UK,3.85,-0.2,-5.00%,stop_loss,"2025-11-17 20:13:28,133 INFO core.backtester - [EXIT] UK | Price: $3.85 | P&L: $-0.20 (-5.00%) | Reason: stop_loss component=intraday_bt"
OSS,2.33,-0.12,-5.00%,stop_loss,"2025-11-17 20:13:28,175 INFO core.backtester - [EXIT] OSS | Price: $2.33 | P&L: $-0.12 (-5.00%) | Reason: stop_loss component=intraday_bt"
PIII,1.47,-0.08,-5.00%,stop_loss,"2025-11-17 20:13:28,225 INFO core.backtester - [EXIT] PIII | Price: $1.47 | P&L: $-0.08 (-5.00%) | Reason: stop_loss component=intraday_bt"
CLSD,1.43,-0.08,-5.00%,stop_loss,"2025-11-17 20:13:28,270 INFO core.backtester - [EXIT] CLSD | Price: $1.43 | P&L: $-0.08 (-5.00%) | Reason: stop_loss component=intraday_bt"
BLZE,6.96,-0.37,-5.00%,stop_loss,"2025-11-17 20:13:28,313 INFO core.backtester - [EXIT] BLZE | Price: $6.96 | P&L: $-0.37 (-5.00%) | Reason: stop_loss component=intraday_bt"
ERAS,2.12,-0.11,-5.00%,stop_loss,"2025-11-17 20:13:28,355 INFO core.backtester - [EXIT] ERAS | Price: $2.12 | P&L: $-0.11 (-5.00%) | Reason: stop_loss component=intraday_bt"
SWVL,3.98,-0.21,-5.00%,stop_loss,"2025-11-17 20:13:28,395 INFO core.backtester - [EXIT] SWVL | Price: $3.98 | P&L: $-0.21 (-5.00%) | Reason: stop_loss component=intraday_bt"
FSP,2.58,-0.14,-5.00%,stop_loss,"2025-11-17 20:13:28,439 INFO core.backtester - [EXIT] FSP | Price: $2.58 | P&L: $-0.14 (-5.00%) | Reason: stop_loss component=intraday_bt"
NEXN,4.94,-0.26,-5.00%,stop_loss,"2025-11-17 20:13:45,639 INFO core.backtester - [EXIT] NEXN | Price: $4.94 | P&L: $-0.26 (-5.00%) | Reason: stop_loss component=intraday_bt"
GAME,1.83,-0.1,-5.00%,stop_loss,"2025-11-17 20:13:45,684 INFO core.backtester - [EXIT] GAME | Price: $1.83 | P&L: $-0.10 (-5.00%) | Reason: stop_loss component=intraday_bt"
GANX,4.03,-0.21,-5.00%,stop_loss,"2025-11-17 20:13:45,726 INFO core.backtester - [EXIT] GANX | Price: $4.03 | P&L: $-0.21 (-5.00%) | Reason: stop_loss component=intraday_bt"
EKSO,2.42,-0.13,-5.00%,stop_loss,"2025-11-17 20:13:45,769 INFO core.backtester - [EXIT] EKSO | Price: $2.42 | P&L: $-0.13 (-5.00%) | Reason: stop_loss component=intraday_bt"
PLX,1.95,-0.1,-5.00%,stop_loss,"2025-11-17 20:13:45,814 INFO core.backtester - [EXIT] PLX | Price: $1.95 | P&L: $-0.10 (-5.00%) | Reason: stop_loss component=intraday_bt"
TLS,4.72,-0.25,-5.00%,stop_loss,"2025-11-17 20:13:45,902 INFO core.backtester - [EXIT] TLS | Price: $4.72 | P&L: $-0.25 (-5.00%) | Reason: stop_loss component=intraday_bt"
CDT,4.49,-0.24,-5.00%,stop_loss,"2025-11-17 20:13:46,025 INFO core.backtester - [EXIT] CDT | Price: $4.49 | P&L: $-0.24 (-5.00%) | Reason: stop_loss component=intraday_bt"
CERS,2.15,-0.11,-5.00%,stop_loss,"2025-11-17 20:13:46,071 INFO core.backtester - [EXIT] CERS | Price: $2.15 | P&L: $-0.11 (-5.00%) | Reason: stop_loss component=intraday_bt"
MOGO,2.04,-0.11,-5.00%,stop_loss,"2025-11-17 20:13:46,121 INFO core.backtester - [EXIT] MOGO | Price: $2.04 | P&L: $-0.11 (-5.00%) | Reason: stop_loss component=intraday_bt"
BTCS,2.18,-0.12,-5.00%,stop_loss,"2025-11-17 20:13:46,164 INFO core.backtester - [EXIT] BTCS | Price: $2.18 | P&L: $-0.12 (-5.00%) | Reason: stop_loss component=intraday_bt"
EDSA,4.78,-0.25,-5.00%,stop_loss,"2025-11-17 20:13:46,252 INFO core.backtester - [EXIT] EDSA | Price: $4.78 | P&L: $-0.25 (-5.00%) | Reason: stop_loss component=intraday_bt"
EDSA,6.13,-0.32,-5.00%,stop_loss,"2025-11-17 20:14:00,448 INFO core.backtester - [EXIT] EDSA | Price: $6.13 | P&L: $-0.32 (-5.00%) | Reason: stop_loss component=intraday_bt"
CMPX,2.01,-0.11,-5.00%,stop_loss,"2025-11-17 20:14:00,499 INFO core.backtester - [EXIT] CMPX | Price: $2.01 | P&L: $-0.11 (-5.00%) | Reason: stop_loss component=intraday_bt"
PXLW,1.54,-0.08,-5.00%,stop_loss,"2025-11-17 20:14:00,545 INFO core.backtester - [EXIT] PXLW | Price: $1.54 | P&L: $-0.08 (-5.00%) | Reason: stop_loss component=intraday_bt"
SND,2.12,-0.11,-5.00%,stop_loss,"2025-11-17 20:14:00,635 INFO core.backtester - [EXIT] SND | Price: $2.12 | P&L: $-0.11 (-5.00%) | Reason: stop_loss component=intraday_bt"
HWH,2.23,-0.12,-5.00%,stop_loss,"2025-11-17 20:14:00,721 INFO core.backtester - [EXIT] HWH | Price: $2.23 | P&L: $-0.12 (-5.00%) | Reason: stop_loss component=intraday_bt"
ATGL,13.52,-0.71,-5.00%,stop_loss,"2025-11-17 20:14:00,765 INFO core.backtester - [EXIT] ATGL | Price: $13.52 | P&L: $-0.71 (-5.00%) | Reason: stop_loss component=intraday_bt"
PAPL,1.64,-0.09,-5.00%,stop_loss,"2025-11-17 20:14:00,808 INFO core.backtester - [EXIT] PAPL | Price: $1.64 | P&L: $-0.09 (-5.00%) | Reason: stop_loss component=intraday_bt"
BCAB,2.46,-0.13,-5.00%,stop_loss,"2025-11-17 20:14:00,853 INFO core.backtester - [EXIT] BCAB | Price: $2.46 | P&L: $-0.13 (-5.00%) | Reason: stop_loss component=intraday_bt"
LAZR,2.73,-0.14,-5.00%,stop_loss,"2025-11-17 20:14:01,009 INFO core.backtester - [EXIT] LAZR | Price: $2.73 | P&L: $-0.14 (-5.00%) | Reason: stop_loss component=intraday_bt"
XBIT,4.59,-0.24,-5.00%,stop_loss,"2025-11-17 20:14:01,051 INFO core.backtester - [EXIT] XBIT | Price: $4.59 | P&L: $-0.24 (-5.00%) | Reason: stop_loss component=intraday_bt"
SIFY,1.83,-0.1,-5.00%,stop_loss,"2025-11-17 20:14:01,094 INFO core.backtester - [EXIT] SIFY | Price: $1.83 | P&L: $-0.10 (-5.00%) | Reason: stop_loss component=intraday_bt"
CREG,1.84,-0.1,-5.00%,stop_loss,"2025-11-17 20:14:01,135 INFO core.backtester - [EXIT] CREG | Price: $1.84 | P&L: $-0.10 (-5.00%) | Reason: stop_loss component=intraday_bt"
ADIL,2.03,-0.11,-5.00%,stop_loss,"2025-11-17 20:14:15,004 INFO core.backtester - [EXIT] ADIL | Price: $2.03 | P&L: $-0.11 (-5.00%) | Reason: stop_loss component=intraday_bt"
CCG,6.95,-0.37,-5.00%,stop_loss,"2025-11-17 20:14:15,094 INFO core.backtester - [EXIT] CCG | Price: $6.95 | P&L: $-0.37 (-5.00%) | Reason: stop_loss component=intraday_bt"
NAMSW,6.08,-0.32,-5.00%,stop_loss,"2025-11-17 20:14:15,141 INFO core.backtester - [EXIT] NAMSW | Price: $6.08 | P&L: $-0.32 (-5.00%) | Reason: stop_loss component=intraday_bt"
XBIT,5.28,-0.28,-5.00%,stop_loss,"2025-11-17 20:14:15,250 INFO core.backtester - [EXIT] XBIT | Price: $5.28 | P&L: $-0.28 (-5.00%) | Reason: stop_loss component=intraday_bt"
RR,9.5,-0.5,-5.00%,stop_loss,"2025-11-17 20:14:15,293 INFO core.backtester - [EXIT] RR | Price: $9.50 | P&L: $-0.50 (-5.00%) | Reason: stop_loss component=intraday_bt"
ZEPP,1.68,-0.09,-5.00%,stop_loss,"2025-11-17 20:14:15,339 INFO core.backtester - [EXIT] ZEPP | Price: $1.68 | P&L: $-0.09 (-5.00%) | Reason: stop_loss component=intraday_bt"
TALO,14.17,-0.75,-5.00%,stop_loss,"2025-11-17 20:14:15,383 INFO core.backtester - [EXIT] TALO | Price: $14.17 | P&L: $-0.75 (-5.00%) | Reason: stop_loss component=intraday_bt"
LXEH,3.42,-0.18,-5.00%,stop_loss,"2025-11-17 20:14:15,426 INFO core.backtester - [EXIT] LXEH | Price: $3.42 | P&L: $-0.18 (-5.00%) | Reason: stop_loss component=intraday_bt"
CARV,1.92,-0.1,-5.00%,stop_loss,"2025-11-17 20:14:15,468 INFO core.backtester - [EXIT] CARV | Price: $1.92 | P&L: $-0.10 (-5.00%) | Reason: stop_loss component=intraday_bt"
HOFV,3.55,-0.19,-5.00%,stop_loss,"2025-11-17 20:14:15,511 INFO core.backtester - [EXIT] HOFV | Price: $3.55 | P&L: $-0.19 (-5.00%) | Reason: stop_loss component=intraday_bt"
NVRI,9.45,-0.5,-5.00%,stop_loss,"2025-11-17 20:14:15,552 INFO core.backtester - [EXIT] NVRI | Price: $9.45 | P&L: $-0.50 (-5.00%) | Reason: stop_loss component=intraday_bt"
NVNI,2.45,-0.13,-5.00%,stop_loss,"2025-11-17 20:14:28,844 INFO core.backtester - [EXIT] NVNI | Price: $2.45 | P&L: $-0.13 (-5.00%) | Reason: stop_loss component=intraday_bt"
TOPS,16.04,-0.84,-5.00%,stop_loss,"2025-11-17 20:14:28,887 INFO core.backtester - [EXIT] TOPS | Price: $16.04 | P&L: $-0.84 (-5.00%) | Reason: stop_loss component=intraday_bt"
EKSO,2.13,-0.11,-5.00%,stop_loss,"2025-11-17 20:14:28,934 INFO core.backtester - [EXIT] EKSO | Price: $2.13 | P&L: $-0.11 (-5.00%) | Reason: stop_loss component=intraday_bt"
SYBX,3.8,-0.2,-5.00%,stop_loss,"2025-11-17 20:14:28,977 INFO core.backtester - [EXIT] SYBX | Price: $3.80 | P&L: $-0.20 (-5.00%) | Reason: stop_loss component=intraday_bt"
VEL,16.91,-0.89,-5.00%,stop_loss,"2025-11-17 20:14:29,024 INFO core.backtester - [EXIT] VEL | Price: $16.91 | P&L: $-0.89 (-5.00%) | Reason: stop_loss component=intraday_bt"
ADTX,4.94,-0.26,-5.00%,stop_loss,"2025-11-17 20:14:29,073 INFO core.backtester - [EXIT] ADTX | Price: $4.94 | P&L: $-0.26 (-5.00%) | Reason: stop_loss component=intraday_bt"
RVSN,1.47,-0.08,-5.00%,stop_loss,"2025-11-17 20:14:29,121 INFO core.backtester - [EXIT] RVSN | Price: $1.47 | P&L: $-0.08 (-5.00%) | Reason: stop_loss component=intraday_bt"
RLAY,11.11,-0.59,-5.00%,stop_loss,"2025-11-17 20:14:29,165 INFO core.backtester - [EXIT] RLAY | Price: $11.11 | P&L: $-0.59 (-5.00%) | Reason: stop_loss component=intraday_bt"
INDP,1.79,-0.09,-5.00%,stop_loss,"2025-11-17 20:14:29,207 INFO core.backtester - [EXIT] INDP | Price: $1.79 | P&L: $-0.09 (-5.00%) | Reason: stop_loss component=intraday_bt"
LTRN,4.14,-0.22,-5.00%,stop_loss,"2025-11-17 20:14:29,250 INFO core.backtester - [EXIT] LTRN | Price: $4.14 | P&L: $-0.22 (-5.00%) | Reason: stop_loss component=intraday_bt"
CHPT,1.7,-0.09,-5.00%,stop_loss,"2025-11-17 20:14:29,326 INFO core.backtester - [EXIT] CHPT | Price: $1.70 | P&L: $-0.09 (-5.00%) | Reason: stop_loss component=intraday_bt"
THTX,2.01,-0.11,-5.00%,stop_loss,"2025-11-17 20:14:29,370 INFO core.backtester - [EXIT] THTX | Price: $2.01 | P&L: $-0.11 (-5.00%) | Reason: stop_loss component=intraday_bt"
ISPR,10.05,-0.53,-5.00%,stop_loss,"2025-11-17 20:14:29,451 INFO core.backtester - [EXIT] ISPR | Price: $10.05 | P&L: $-0.53 (-5.00%) | Reason: stop_loss component=intraday_bt"
GSIW,10.36,-0.54,-5.00%,stop_loss,"2025-11-17 20:14:29,495 INFO core.backtester - [EXIT] GSIW | Price: $10.36 | P&L: $-0.54 (-5.00%) | Reason: stop_loss component=intraday_bt"
AEHL,2.56,-0.14,-5.00%,stop_loss,"2025-11-17 20:14:42,706 INFO core.backtester - [EXIT] AEHL | Price: $2.56 | P&L: $-0.14 (-5.00%) | Reason: stop_loss component=intraday_bt"
CMPX,1.59,-0.08,-5.00%,stop_loss,"2025-11-17 20:14:42,756 INFO core.backtester - [EXIT] CMPX | Price: $1.59 | P&L: $-0.08 (-5.00%) | Reason: stop_loss component=intraday_bt"
UK,3.41,-0.18,-5.00%,stop_loss,"2025-11-17 20:14:42,838 INFO core.backtester - [EXIT] UK | Price: $3.41 | P&L: $-0.18 (-5.00%) | Reason: stop_loss component=intraday_bt"
HOVR,3.04,-0.16,-5.00%,stop_loss,"2025-11-17 20:14:42,881 INFO core.backtester - [EXIT] HOVR | Price: $3.04 | P&L: $-0.16 (-5.00%) | Reason: stop_loss component=intraday_bt"
CING,6.02,-0.32,-5.00%,stop_loss,"2025-11-17 20:14:42,969 INFO core.backtester - [EXIT] CING | Price: $6.02 | P&L: $-0.32 (-5.00%) | Reason: stop_loss component=intraday_bt"
ADCT,2.01,-0.11,-5.00%,stop_loss,"2025-11-17 20:14:43,011 INFO core.backtester - [EXIT] ADCT | Price: $2.01 | P&L: $-0.11 (-5.00%) | Reason: stop_loss component=intraday_bt"
INVZ,1.97,-0.1,-5.00%,stop_loss,"2025-11-17 20:14:43,052 INFO core.backtester - [EXIT] INVZ | Price: $1.97 | P&L: $-0.10 (-5.00%) | Reason: stop_loss component=intraday_bt"
BGI,4.27,-0.23,-5.00%,stop_loss,"2025-11-17 20:14:43,095 INFO core.backtester - [EXIT] BGI | Price: $4.27 | P&L: $-0.23 (-5.00%) | Reason: stop_loss component=intraday_bt"
MAIA,1.52,-0.08,-5.00%,stop_loss,"2025-11-17 20:14:43,144 INFO core.backtester - [EXIT] MAIA | Price: $1.52 | P&L: $-0.08 (-5.00%) | Reason: stop_loss component=intraday_bt"
NIU,1.89,-0.1,-5.00%,stop_loss,"2025-11-17 20:14:43,232 INFO core.backtester - [EXIT] NIU | Price: $1.89 | P&L: $-0.10 (-5.00%) | Reason: stop_loss component=intraday_bt"
BRBS,3.0,-0.16,-5.00%,stop_loss,"2025-11-17 20:14:43,275 INFO core.backtester - [EXIT] BRBS | Price: $3.00 | P&L: $-0.16 (-5.00%) | Reason: stop_loss component=intraday_bt"
LXEH,3.8,-0.2,-5.00%,stop_loss,"2025-11-17 20:14:43,317 INFO core.backtester - [EXIT] LXEH | Price: $3.80 | P&L: $-0.20 (-5.00%) | Reason: stop_loss component=intraday_bt"
MURA,5.51,-0.29,-5.00%,stop_loss,"2025-11-17 20:14:58,062 INFO core.backtester - [EXIT] MURA | Price: $5.51 | P&L: $-0.29 (-5.00%) | Reason: stop_loss component=intraday_bt"
GIGM,1.65,-0.09,-5.00%,stop_loss,"2025-11-17 20:14:58,108 INFO core.backtester - [EXIT] GIGM | Price: $1.65 | P&L: $-0.09 (-5.00%) | Reason: stop_loss component=intraday_bt"
SYTA,4.08,-0.21,-5.00%,stop_loss,"2025-11-17 20:14:58,152 INFO core.backtester - [EXIT] SYTA | Price: $4.08 | P&L: $-0.21 (-5.00%) | Reason: stop_loss component=intraday_bt"
AIRG,3.56,-0.19,-5.00%,stop_loss,"2025-11-17 20:14:58,198 INFO core.backtester - [EXIT] AIRG | Price: $3.56 | P&L: $-0.19 (-5.00%) | Reason: stop_loss component=intraday_bt"
MESO,1.95,-0.1,-5.00%,stop_loss,"2025-11-17 20:14:58,248 INFO core.backtester - [EXIT] MESO | Price: $1.95 | P&L: $-0.10 (-5.00%) | Reason: stop_loss component=intraday_bt"
EKSO,2.31,-0.12,-5.00%,stop_loss,"2025-11-17 20:14:58,300 INFO core.backtester - [EXIT] EKSO | Price: $2.31 | P&L: $-0.12 (-5.00%) | Reason: stop_loss component=intraday_bt"
NGS,16.05,-0.85,-5.00%,stop_loss,"2025-11-17 20:14:58,349 INFO core.backtester - [EXIT] NGS | Price: $16.05 | P&L: $-0.85 (-5.00%) | Reason: stop_loss component=intraday_bt"
BFRI,2.01,-0.11,-5.00%,stop_loss,"2025-11-17 20:14:58,395 INFO core.backtester - [EXIT] BFRI | Price: $2.01 | P&L: $-0.11 (-5.00%) | Reason: stop_loss component=intraday_bt"
WKEY,2.37,-0.12,-5.00%,stop_loss,"2025-11-17 20:14:58,439 INFO core.backtester - [EXIT] WKEY | Price: $2.37 | P&L: $-0.12 (-5.00%) | Reason: stop_loss component=intraday_bt"
LTRN,3.89,-0.21,-5.00%,stop_loss,"2025-11-17 20:14:58,487 INFO core.backtester - [EXIT] LTRN | Price: $3.89 | P&L: $-0.21 (-5.00%) | Reason: stop_loss component=intraday_bt"
ELLO,16.15,-0.85,-5.00%,stop_loss,"2025-11-17 20:14:58,535 INFO core.backtester - [EXIT] ELLO | Price: $16.15 | P&L: $-0.85 (-5.00%) | Reason: stop_loss component=intraday_bt"
HOVR,2.37,-0.12,-5.00%,stop_loss,"2025-11-17 20:14:58,585 INFO core.backtester - [EXIT] HOVR | Price: $2.37 | P&L: $-0.12 (-5.00%) | Reason: stop_loss component=intraday_bt"
VOR,2.62,-0.14,-5.00%,stop_loss,"2025-11-17 20:14:58,630 INFO core.backtester - [EXIT] VOR | Price: $2.62 | P&L: $-0.14 (-5.00%) | Reason: stop_loss component=intraday_bt"
INTS,5.08,-0.27,-5.00%,stop_loss,"2025-11-17 20:14:58,682 INFO core.backtester - [EXIT] INTS | Price: $5.08 | P&L: $-0.27 (-5.00%) | Reason: stop_loss component=intraday_bt"
PCSA,3.89,-0.21,-5.00%,stop_loss,"2025-11-17 20:15:15,354 INFO core.backtester - [EXIT] PCSA | Price: $3.89 | P&L: $-0.21 (-5.00%) | Reason: stop_loss component=intraday_bt"
EVAX,5.76,-0.3,-5.00%,stop_loss,"2025-11-17 20:15:15,398 INFO core.backtester - [EXIT] EVAX | Price: $5.76 | P&L: $-0.30 (-5.00%) | Reason: stop_loss component=intraday_bt"
REBN,2.58,-0.14,-5.00%,stop_loss,"2025-11-17 20:15:15,456 INFO core.backtester - [EXIT] REBN | Price: $2.58 | P&L: $-0.14 (-5.00%) | Reason: stop_loss component=intraday_bt"
NVNI,2.93,-0.15,-5.00%,stop_loss,"2025-11-17 20:15:15,498 INFO core.backtester - [EXIT] NVNI | Price: $2.93 | P&L: $-0.15 (-5.00%) | Reason: stop_loss component=intraday_bt"
SCPH,5.91,-0.31,-5.00%,stop_loss,"2025-11-17 20:15:15,636 INFO core.backtester - [EXIT] SCPH | Price: $5.91 | P&L: $-0.31 (-5.00%) | Reason: stop_loss component=intraday_bt"
SOAR,2.3,-0.12,-5.00%,stop_loss,"2025-11-17 20:15:15,791 INFO core.backtester - [EXIT] SOAR | Price: $2.30 | P&L: $-0.12 (-5.00%) | Reason: stop_loss component=intraday_bt"
LFCR,7.5,-0.39,-5.00%,stop_loss,"2025-11-17 20:15:15,836 INFO core.backtester - [EXIT] LFCR | Price: $7.50 | P&L: $-0.39 (-5.00%) | Reason: stop_loss component=intraday_bt"
VYNE,1.85,-0.1,-5.00%,stop_loss,"2025-11-17 20:15:15,970 INFO core.backtester - [EXIT] VYNE | Price: $1.85 | P&L: $-0.10 (-5.00%) | Reason: stop_loss component=intraday_bt"
DTSS,1.41,-0.07,-5.00%,stop_loss,"2025-11-17 20:15:31,627 INFO core.backtester - [EXIT] DTSS | Price: $1.41 | P&L: $-0.07 (-5.00%) | Reason: stop_loss component=intraday_bt"
EDSA,4.99,-0.26,-5.00%,stop_loss,"2025-11-17 20:15:31,713 INFO core.backtester - [EXIT] EDSA | Price: $4.99 | P&L: $-0.26 (-5.00%) | Reason: stop_loss component=intraday_bt"
COCP,1.7,-0.09,-5.00%,stop_loss,"2025-11-17 20:15:31,757 INFO core.backtester - [EXIT] COCP | Price: $1.70 | P&L: $-0.09 (-5.00%) | Reason: stop_loss component=intraday_bt"
PRFX,2.29,-0.12,-5.00%,stop_loss,"2025-11-17 20:15:31,816 INFO core.backtester - [EXIT] PRFX | Price: $2.29 | P&L: $-0.12 (-5.00%) | Reason: stop_loss component=intraday_bt"
PSQH,6.52,-0.34,-5.00%,stop_loss,"2025-11-17 20:15:31,913 INFO core.backtester - [EXIT] PSQH | Price: $6.52 | P&L: $-0.34 (-5.00%) | Reason: stop_loss component=intraday_bt"
LOCL,2.09,-0.11,-5.00%,stop_loss,"2025-11-17 20:15:31,955 INFO core.backtester - [EXIT] LOCL | Price: $2.09 | P&L: $-0.11 (-5.00%) | Reason: stop_loss component=intraday_bt"
SWIN,3.75,-0.2,-5.00%,stop_loss,"2025-11-17 20:15:31,999 INFO core.backtester - [EXIT] SWIN | Price: $3.75 | P&L: $-0.20 (-5.00%) | Reason: stop_loss component=intraday_bt"
AQST,2.6,-0.14,-5.00%,stop_loss,"2025-11-17 20:15:32,048 INFO core.backtester - [EXIT] AQST | Price: $2.60 | P&L: $-0.14 (-5.00%) | Reason: stop_loss component=intraday_bt"
IFRX,1.75,-0.09,-5.00%,stop_loss,"2025-11-17 20:15:32,093 INFO core.backtester - [EXIT] IFRX | Price: $1.75 | P&L: $-0.09 (-5.00%) | Reason: stop_loss component=intraday_bt"
MODD,1.85,-0.1,-5.00%,stop_loss,"2025-11-17 20:15:32,142 INFO core.backtester - [EXIT] MODD | Price: $1.85 | P&L: $-0.10 (-5.00%) | Reason: stop_loss component=intraday_bt"
XWEL,1.52,-0.08,-5.00%,stop_loss,"2025-11-17 20:15:32,193 INFO core.backtester - [EXIT] XWEL | Price: $1.52 | P&L: $-0.08 (-5.00%) | Reason: stop_loss component=intraday_bt"
WNW,6.6,-0.35,-5.00%,stop_loss,"2025-11-17 20:15:32,236 INFO core.backtester - [EXIT] WNW | Price: $6.60 | P&L: $-0.35 (-5.00%) | Reason: stop_loss component=intraday_bt"
ELVA,3.61,-0.19,-5.00%,stop_loss,"2025-11-17 20:15:32,286 INFO core.backtester - [EXIT] ELVA | Price: $3.61 | P&L: $-0.19 (-5.00%) | Reason: stop_loss component=intraday_bt"
ESOA,10.42,-0.55,-5.00%,stop_loss,"2025-11-17 20:15:47,996 INFO core.backtester - [EXIT] ESOA | Price: $10.42 | P&L: $-0.55 (-5.00%) | Reason: stop_loss component=intraday_bt"
CLLS,2.75,-0.14,-5.00%,stop_loss,"2025-11-17 20:15:48,092 INFO core.backtester - [EXIT] CLLS | Price: $2.75 | P&L: $-0.14 (-5.00%) | Reason: stop_loss component=intraday_bt"
PRSO,6.04,-0.32,-5.00%,stop_loss,"2025-11-17 20:15:48,139 INFO core.backtester - [EXIT] PRSO | Price: $6.04 | P&L: $-0.32 (-5.00%) | Reason: stop_loss component=intraday_bt"
MBIO,1.5,-0.08,-5.00%,stop_loss,"2025-11-17 20:15:48,183 INFO core.backtester - [EXIT] MBIO | Price: $1.50 | P&L: $-0.08 (-5.00%) | Reason: stop_loss component=intraday_bt"
GREE,3.91,-0.21,-5.00%,stop_loss,"2025-11-17 20:15:48,228 INFO core.backtester - [EXIT] GREE | Price: $3.91 | P&L: $-0.21 (-5.00%) | Reason: stop_loss component=intraday_bt"
SYTA,3.87,-0.2,-5.00%,stop_loss,"2025-11-17 20:15:48,275 INFO core.backtester - [EXIT] SYTA | Price: $3.87 | P&L: $-0.20 (-5.00%) | Reason: stop_loss component=intraday_bt"
WORX,1.69,-0.09,-5.00%,stop_loss,"2025-11-17 20:15:48,369 INFO core.backtester - [EXIT] WORX | Price: $1.69 | P&L: $-0.09 (-5.00%) | Reason: stop_loss component=intraday_bt"
BDRX,1.94,-0.1,-5.00%,stop_loss,"2025-11-17 20:15:48,464 INFO core.backtester - [EXIT] BDRX | Price: $1.94 | P&L: $-0.10 (-5.00%) | Reason: stop_loss component=intraday_bt"
GDC,1.95,-0.1,-5.00%,stop_loss,"2025-11-17 20:15:48,508 INFO core.backtester - [EXIT] GDC | Price: $1.95 | P&L: $-0.10 (-5.00%) | Reason: stop_loss component=intraday_bt"
YQ,2.62,-0.14,-5.00%,stop_loss,"2025-11-17 20:15:48,603 INFO core.backtester - [EXIT] YQ | Price: $2.62 | P&L: $-0.14 (-5.00%) | Reason: stop_loss component=intraday_bt"
INO,6.58,-0.35,-5.00%,stop_loss,"2025-11-17 20:16:02,867 INFO core.backtester - [EXIT] INO | Price: $6.58 | P&L: $-0.35 (-5.00%) | Reason: stop_loss component=intraday_bt"
ATGL,14.81,-0.78,-5.00%,stop_loss,"2025-11-17 20:16:02,911 INFO core.backtester - [EXIT] ATGL | Price: $14.81 | P&L: $-0.78 (-5.00%) | Reason: stop_loss component=intraday_bt"
SANG,3.01,-0.16,-5.00%,stop_loss,"2025-11-17 20:16:02,954 INFO core.backtester - [EXIT] SANG | Price: $3.01 | P&L: $-0.16 (-5.00%) | Reason: stop_loss component=intraday_bt"
XERS,2.55,-0.13,-5.00%,stop_loss,"2025-11-17 20:16:02,997 INFO core.backtester - [EXIT] XERS | Price: $2.55 | P&L: $-0.13 (-5.00%) | Reason: stop_loss component=intraday_bt"
GAME,1.78,-0.09,-5.00%,stop_loss,"2025-11-17 20:16:03,084 INFO core.backtester - [EXIT] GAME | Price: $1.78 | P&L: $-0.09 (-5.00%) | Reason: stop_loss component=intraday_bt"
UPC,2.09,-0.11,-5.00%,stop_loss,"2025-11-17 20:16:03,127 INFO core.backtester - [EXIT] UPC | Price: $2.09 | P&L: $-0.11 (-5.00%) | Reason: stop_loss component=intraday_bt"
BANL,1.48,-0.08,-5.00%,stop_loss,"2025-11-17 20:16:03,170 INFO core.backtester - [EXIT] BANL | Price: $1.48 | P&L: $-0.08 (-5.00%) | Reason: stop_loss component=intraday_bt"
YMAB,9.47,-0.5,-5.00%,stop_loss,"2025-11-17 20:16:03,266 INFO core.backtester - [EXIT] YMAB | Price: $9.47 | P&L: $-0.50 (-5.00%) | Reason: stop_loss component=intraday_bt"
HLP,2.8,-0.15,-5.00%,stop_loss,"2025-11-17 20:16:03,349 INFO core.backtester - [EXIT] HLP | Price: $2.80 | P&L: $-0.15 (-5.00%) | Reason: stop_loss component=intraday_bt"
EKSO,2.58,-0.14,-5.00%,stop_loss,"2025-11-17 20:16:17,113 INFO core.backtester - [EXIT] EKSO | Price: $2.58 | P&L: $-0.14 (-5.00%) | Reason: stop_loss component=intraday_bt"
INO,7.89,-0.42,-5.00%,stop_loss,"2025-11-17 20:16:17,153 INFO core.backtester - [EXIT] INO | Price: $7.89 | P&L: $-0.42 (-5.00%) | Reason: stop_loss component=intraday_bt"
SYNX,3.32,-0.18,-5.00%,stop_loss,"2025-11-17 20:16:17,192 INFO core.backtester - [EXIT] SYNX | Price: $3.32 | P&L: $-0.18 (-5.00%) | Reason: stop_loss component=intraday_bt"
BTCM,3.98,-0.21,-5.00%,stop_loss,"2025-11-17 20:16:17,229 INFO core.backtester - [EXIT] BTCM | Price: $3.98 | P&L: $-0.21 (-5.00%) | Reason: stop_loss component=intraday_bt"
LXEH,4.26,-0.22,-5.00%,stop_loss,"2025-11-17 20:16:17,311 INFO core.backtester - [EXIT] LXEH | Price: $4.26 | P&L: $-0.22 (-5.00%) | Reason: stop_loss component=intraday_bt"
IFRX,1.8,-0.09,-5.00%,stop_loss,"2025-11-17 20:16:17,391 INFO core.backtester - [EXIT] IFRX | Price: $1.80 | P&L: $-0.09 (-5.00%) | Reason: stop_loss component=intraday_bt"
NLST,2.05,-0.11,-5.00%,stop_loss,"2025-11-17 20:16:17,427 INFO core.backtester - [EXIT] NLST | Price: $2.05 | P&L: $-0.11 (-5.00%) | Reason: stop_loss component=intraday_bt"
SOL,2.18,-0.12,-5.00%,stop_loss,"2025-11-17 20:16:17,468 INFO core.backtester - [EXIT] SOL | Price: $2.18 | P&L: $-0.12 (-5.00%) | Reason: stop_loss component=intraday_bt"
KTTA,7.59,-0.4,-5.00%,stop_loss,"2025-11-17 20:16:17,510 INFO core.backtester - [EXIT] KTTA | Price: $7.59 | P&L: $-0.40 (-5.00%) | Reason: stop_loss component=intraday_bt"
PRCH,2.52,-0.13,-5.00%,stop_loss,"2025-11-17 20:16:17,555 INFO core.backtester - [EXIT] PRCH | Price: $2.52 | P&L: $-0.13 (-5.00%) | Reason: stop_loss component=intraday_bt"
SYTA,3.87,-0.2,-5.00%,stop_loss,"2025-11-17 20:16:17,599 INFO core.backtester - [EXIT] SYTA | Price: $3.87 | P&L: $-0.20 (-5.00%) | Reason: stop_loss component=intraday_bt"
PPTA,3.24,-0.17,-5.00%,stop_loss,"2025-11-17 20:16:30,533 INFO core.backtester - [EXIT] PPTA | Price: $3.24 | P&L: $-0.17 (-5.00%) | Reason: stop_loss component=intraday_bt"
NEOV,1.8,-0.09,-5.00%,stop_loss,"2025-11-17 20:16:30,633 INFO core.backtester - [EXIT] NEOV | Price: $1.80 | P&L: $-0.09 (-5.00%) | Reason: stop_loss component=intraday_bt"
NTWK,1.93,-0.1,-5.00%,stop_loss,"2025-11-17 20:16:30,724 INFO core.backtester - [EXIT] NTWK | Price: $1.93 | P&L: $-0.10 (-5.00%) | Reason: stop_loss component=intraday_bt"
KGEI,3.77,-0.2,-5.00%,stop_loss,"2025-11-17 20:16:30,766 INFO core.backtester - [EXIT] KGEI | Price: $3.77 | P&L: $-0.20 (-5.00%) | Reason: stop_loss component=intraday_bt"
ENSC,1.76,-0.09,-5.00%,stop_loss,"2025-11-17 20:16:30,810 INFO core.backtester - [EXIT] ENSC | Price: $1.76 | P&L: $-0.09 (-5.00%) | Reason: stop_loss component=intraday_bt"
SURG,7.08,-0.37,-5.00%,stop_loss,"2025-11-17 20:16:30,853 INFO core.backtester - [EXIT] SURG | Price: $7.08 | P&L: $-0.37 (-5.00%) | Reason: stop_loss component=intraday_bt"
MPU,3.36,-0.18,-5.00%,stop_loss,"2025-11-17 20:16:30,898 INFO core.backtester - [EXIT] MPU | Price: $3.36 | P&L: $-0.18 (-5.00%) | Reason: stop_loss component=intraday_bt"
BATL,7.12,-0.37,-5.00%,stop_loss,"2025-11-17 20:16:30,951 INFO core.backtester - [EXIT] BATL | Price: $7.12 | P&L: $-0.37 (-5.00%) | Reason: stop_loss component=intraday_bt"
THTX,1.68,-0.09,-5.00%,stop_loss,"2025-11-17 20:16:30,994 INFO core.backtester - [EXIT] THTX | Price: $1.68 | P&L: $-0.09 (-5.00%) | Reason: stop_loss component=intraday_bt"
ELUT,4.42,-0.23,-5.00%,stop_loss,"2025-11-17 20:16:31,037 INFO core.backtester - [EXIT] ELUT | Price: $4.42 | P&L: $-0.23 (-5.00%) | Reason: stop_loss component=intraday_bt"
WPRT,5.98,-0.32,-5.00%,stop_loss,"2025-11-17 20:16:31,084 INFO core.backtester - [EXIT] WPRT | Price: $5.98 | P&L: $-0.32 (-5.00%) | Reason: stop_loss component=intraday_bt"
GRI,3.26,-0.17,-5.00%,stop_loss,"2025-11-17 20:16:47,485 INFO core.backtester - [EXIT] GRI | Price: $3.26 | P&L: $-0.17 (-5.00%) | Reason: stop_loss component=intraday_bt"
ITRM,3.02,-0.16,-5.00%,stop_loss,"2025-11-17 20:16:47,534 INFO core.backtester - [EXIT] ITRM | Price: $3.02 | P&L: $-0.16 (-5.00%) | Reason: stop_loss component=intraday_bt"
ODVWZ,3.13,-0.17,-5.00%,stop_loss,"2025-11-17 20:16:47,575 INFO core.backtester - [EXIT] ODVWZ | Price: $3.13 | P&L: $-0.17 (-5.00%) | Reason: stop_loss component=intraday_bt"
AHG,1.62,-0.09,-5.00%,stop_loss,"2025-11-17 20:16:47,618 INFO core.backtester - [EXIT] AHG | Price: $1.62 | P&L: $-0.09 (-5.00%) | Reason: stop_loss component=intraday_bt"
JL,10.1,-0.53,-5.00%,stop_loss,"2025-11-17 20:16:47,658 INFO core.backtester - [EXIT] JL | Price: $10.10 | P&L: $-0.53 (-5.00%) | Reason: stop_loss component=intraday_bt"
CCG,6.65,-0.35,-5.00%,stop_loss,"2025-11-17 20:16:47,698 INFO core.backtester - [EXIT] CCG | Price: $6.65 | P&L: $-0.35 (-5.00%) | Reason: stop_loss component=intraday_bt"
BBLGW,13.77,-0.73,-5.00%,stop_loss,"2025-11-17 20:16:47,745 INFO core.backtester - [EXIT] BBLGW | Price: $13.77 | P&L: $-0.73 (-5.00%) | Reason: stop_loss component=intraday_bt"
MPU,3.57,-0.19,-5.00%,stop_loss,"2025-11-17 20:16:47,789 INFO core.backtester - [EXIT] MPU | Price: $3.57 | P&L: $-0.19 (-5.00%) | Reason: stop_loss component=intraday_bt"
HWH,1.54,-0.08,-5.00%,stop_loss,"2025-11-17 20:16:47,874 INFO core.backtester - [EXIT] HWH | Price: $1.54 | P&L: $-0.08 (-5.00%) | Reason: stop_loss component=intraday_bt"
BDRX,2.14,-0.11,-5.00%,stop_loss,"2025-11-17 20:16:47,917 INFO core.backtester - [EXIT] BDRX | Price: $2.14 | P&L: $-0.11 (-5.00%) | Reason: stop_loss component=intraday_bt"
CVKD,1.7,-0.09,-5.00%,stop_loss,"2025-11-17 20:16:47,958 INFO core.backtester - [EXIT] CVKD | Price: $1.70 | P&L: $-0.09 (-5.00%) | Reason: stop_loss component=intraday_bt"
BAOS,3.58,-0.19,-5.00%,stop_loss,"2025-11-17 20:16:48,084 INFO core.backtester - [EXIT] BAOS | Price: $3.58 | P&L: $-0.19 (-5.00%) | Reason: stop_loss component=intraday_bt"
ODVWZ,3.7,-0.19,-5.00%,stop_loss,"2025-11-17 20:17:01,685 INFO core.backtester - [EXIT] ODVWZ | Price: $3.70 | P&L: $-0.19 (-5.00%) | Reason: stop_loss component=intraday_bt"
STIM,4.08,-0.21,-5.00%,stop_loss,"2025-11-17 20:17:01,727 INFO core.backtester - [EXIT] STIM | Price: $4.08 | P&L: $-0.21 (-5.00%) | Reason: stop_loss component=intraday_bt"
BDRX,2.14,-0.11,-5.00%,stop_loss,"2025-11-17 20:17:01,771 INFO core.backtester - [EXIT] BDRX | Price: $2.14 | P&L: $-0.11 (-5.00%) | Reason: stop_loss component=intraday_bt"
LXEH,4.18,-0.22,-5.00%,stop_loss,"2025-11-17 20:17:01,863 INFO core.backtester - [EXIT] LXEH | Price: $4.18 | P&L: $-0.22 (-5.00%) | Reason: stop_loss component=intraday_bt"
RDCM,10.18,-0.54,-5.00%,stop_loss,"2025-11-17 20:17:01,913 INFO core.backtester - [EXIT] RDCM | Price: $10.18 | P&L: $-0.54 (-5.00%) | Reason: stop_loss component=intraday_bt"
GSIT,1.99,-0.11,-5.00%,stop_loss,"2025-11-17 20:17:02,003 INFO core.backtester - [EXIT] GSIT | Price: $1.99 | P&L: $-0.11 (-5.00%) | Reason: stop_loss component=intraday_bt"
VTYX,2.18,-0.11,-5.00%,stop_loss,"2025-11-17 20:17:02,049 INFO core.backtester - [EXIT] VTYX | Price: $2.18 | P&L: $-0.11 (-5.00%) | Reason: stop_loss component=intraday_bt"
SLDB,7.6,-0.4,-5.00%,stop_loss,"2025-11-17 20:17:02,100 INFO core.backtester - [EXIT] SLDB | Price: $7.60 | P&L: $-0.40 (-5.00%) | Reason: stop_loss component=intraday_bt"
INBS,2.64,-0.14,-5.00%,stop_loss,"2025-11-17 20:17:02,196 INFO core.backtester - [EXIT] INBS | Price: $2.64 | P&L: $-0.14 (-5.00%) | Reason: stop_loss component=intraday_bt"
INDO,2.81,-0.15,-5.00%,stop_loss,"2025-11-17 20:17:02,241 INFO core.backtester - [EXIT] INDO | Price: $2.81 | P&L: $-0.15 (-5.00%) | Reason: stop_loss component=intraday_bt"
